Frequency_Hz	Intensity_Averaged	Intensity_StdDev
2720000000.0	1.4795242	0.0004259809385406748
2720500000.0	1.4793445999999997	0.000713798739141483
2721000000.0	1.4795128000000002	0.0004337775466756984
2721500000.0	1.4805857999999998	0.0004510975060893089
2722000000.0	1.4796597999999999	0.00025308923327549665
2722500000.0	1.4801322000000001	0.0005260339912971477
2723000000.0	1.4802006	0.0005120681985829497
2723500000.0	1.4796868	0.00032878832096048025
2724000000.0	1.4800080000000002	0.000520551630484421
2724500000.0	1.4799082000000001	0.0004839708255670215
2725000000.0	1.4800651999999999	0.0004479925892244595
2725500000.0	1.4790114	0.0006272580330294535
2726000000.0	1.4791567999999997	0.0009526085030063755
2726500000.0	1.4793762	0.0007319550259408331
2727000000.0	1.4799171999999998	0.0007006549507425153
2727500000.0	1.4795376	0.0003594510258714048
2728000000.0	1.4798145999999999	0.00034854933653645173
2728500000.0	1.4799638000000002	0.00041379772836494234
2729000000.0	1.478942	0.00026633587816888557
2729500000.0	1.4790046000000001	0.00036134282890349365
2730000000.0	1.4787602000000002	0.0008700715832619534
2730500000.0	1.4787919999999999	0.0003435881255224297
2731000000.0	1.4787044	0.0003888416644342293
2731500000.0	1.4793382	0.0004068515208279227
2732000000.0	1.4789454	0.0005961988258962075
2732500000.0	1.4793734	0.0009563084439656117
2733000000.0	1.480047	0.0007230994399112884
2733500000.0	1.4794900000000002	0.0007541530348675765
2734000000.0	1.4796384	0.0006581709808248528
2734500000.0	1.4800466	0.0007274999931271576
2735000000.0	1.4800900000000001	0.000548675496081252
2735500000.0	1.4798921999999999	0.0003866680229861548
2736000000.0	1.4787537999999998	0.0006465317934950573
2736500000.0	1.478672	0.0005499996363634612
2737000000.0	1.4780256	0.0005749123759321582
2737500000.0	1.4784465999999998	0.0004883886157559379
2738000000.0	1.4783342000000002	0.0004392172127774784
2738500000.0	1.4785270000000001	0.0005474756615594868
2739000000.0	1.4780951999999998	0.001178006689284939
2739500000.0	1.4782672	0.0006536406964074042
2740000000.0	1.4807663999999998	0.0004902573201901199
2740500000.0	1.4794454	0.00023543627587942
2741000000.0	1.4808827999999998	0.00045271863226508194
2741500000.0	1.479562	0.0007196218451381017
2742000000.0	1.4793322000000002	0.0007086845278401198
2742500000.0	1.4789118	0.0006661811765578108
2743000000.0	1.4786498000000001	0.0007049392597947777
2743500000.0	1.4803984	0.0006904229428401219
2744000000.0	1.4794978	0.0004015377441785418
2744500000.0	1.4784824	0.0007574976171580167
2745000000.0	1.479259	0.0008850453095745985
2745500000.0	1.4800892	0.00038052300850276047
2746000000.0	1.4791672	0.0006775173503313521
2746500000.0	1.4799862	0.0004961561850868692
2747000000.0	1.4806595999999999	0.00024365188281645655
2747500000.0	1.4796922000000001	0.00048163612821300057
2748000000.0	1.4794708	0.0006102843271787582
2748500000.0	1.4796606	0.0003571921611681831
2749000000.0	1.4798574	0.00045291306008988835
2749500000.0	1.4803241999999999	0.00022171278718196604
2750000000.0	1.4800622	0.00011483448959260724
2750500000.0	1.4793904	0.00045474282842066584
2751000000.0	1.4799054	0.0005820744282306516
2751500000.0	1.4802925999999998	0.0002113079269691154
2752000000.0	1.4803119999999999	0.0004986289201400224
2752500000.0	1.479011	0.00020008498194517776
2753000000.0	1.4796514	0.00044036239621474566
2753500000.0	1.4799796000000003	0.0003264803822590074
2754000000.0	1.4787424000000002	0.00012119174889407699
2754500000.0	1.4798259999999999	0.0006369690730325429
2755000000.0	1.4797188000000001	0.0005589949552544914
2755500000.0	1.4795292	0.000545311800715932
2756000000.0	1.4796086000000002	0.0005039950793410507
2756500000.0	1.4769222	0.0013405314468523271
2757000000.0	1.4788868000000002	0.0005425091335636793
2757500000.0	1.4782308	0.0004279800929949368
2758000000.0	1.4784376	0.0001692649993353506
2758500000.0	1.4788592	0.0001589281598710937
2759000000.0	1.479196	0.0001806178285773278
2759500000.0	1.4797964000000001	0.0003381529831304276
2760000000.0	1.4788986	0.00017169577746698256
2760500000.0	1.479377	0.0008886466114266058
2761000000.0	1.4799288000000002	0.00030879015528348657
2761500000.0	1.479514	0.0003837004039611913
2762000000.0	1.4795690000000001	0.0005540974643508488
2762500000.0	1.4797948	0.0005434465567100286
2763000000.0	1.4799078	0.0006586942841713353
2763500000.0	1.4799318000000001	0.0004773696261808015
2764000000.0	1.4796758	0.0002919029975865179
2764500000.0	1.478946	0.00037047591014802514
2765000000.0	1.4790117999999999	0.0004423109313594101
2765500000.0	1.4794251999999999	0.0004584676215393913
2766000000.0	1.4799532	0.0007822967211998053
2766500000.0	1.4790744	0.0006360520733399266
2767000000.0	1.4790472	0.0008559136405034963
2767500000.0	1.4789919999999999	0.00024115140472325363
2768000000.0	1.4783546	0.0010377794756113025
2768500000.0	1.4787148	0.00021691141048821262
2769000000.0	1.4791911999999998	0.00035889909445414376
2769500000.0	1.478442	0.0008855301237112066
2770000000.0	1.475836	0.0008491143621444283
2770500000.0	1.476465	0.0007524804316392647
2771000000.0	1.4796102000000002	0.0006775867176974314
2771500000.0	1.4781223999999997	0.0006138242745281069
2772000000.0	1.4781530000000003	0.000516606233024689
2772500000.0	1.4783518	0.0007751320919687999
2773000000.0	1.478805	0.000671308274937819
2773500000.0	1.4785244	0.00032480554182462055
2774000000.0	1.4780128	0.0007324243032559876
2774500000.0	1.4791448	0.0003261032965181515
2775000000.0	1.4799208	0.000686359206246974
2775500000.0	1.4778572	0.0005494933666569687
2776000000.0	1.4789211999999998	0.00040313541149344186
2776500000.0	1.4780735999999997	0.0004716497005193976
2777000000.0	1.4788647999999998	0.0004605567934576642
2777500000.0	1.4786624	0.0006662797010265309
2778000000.0	1.4777862	0.0005657516769750037
2778500000.0	1.479233	0.00015136313950231292
2779000000.0	1.4789556000000001	0.00014312176633899109
2779500000.0	1.4792116000000002	0.00024162168776826259
2780000000.0	1.479111	0.00034506405202511806
2780500000.0	1.4777264	0.0006628407350186225
2781000000.0	1.4783991999999997	0.0003959471681929513
2781500000.0	1.4781038	0.00019794282002643868
2782000000.0	1.477843	0.0003350958071954489
2782500000.0	1.4788468000000001	0.0004374573807812486
2783000000.0	1.4795174	0.0003889136665123184
2783500000.0	1.4789776	0.0003692238345502769
2784000000.0	1.4797546000000001	0.00035410936163845607
2784500000.0	1.478639	0.00047905615537224133
2785000000.0	1.4783206000000002	0.0006246799500544184
2785500000.0	1.4805194	0.000710850364000768
2786000000.0	1.4800874	0.00025768476866125866
2786500000.0	1.4794422	0.00022076539583908318
2787000000.0	1.47959	0.0002212482768294006
2787500000.0	1.4781206	0.00023642893223969346
2788000000.0	1.478374	0.0002666345814030787
2788500000.0	1.4795555999999999	0.00040889734653088333
2789000000.0	1.478604	0.0003876575808622979
2789500000.0	1.4784768	0.0006978055316490606
2790000000.0	1.4781874	0.0008824478681486278
2790500000.0	1.4781932	0.000986653819736167
2791000000.0	1.4780234	0.0006974380545969926
2791500000.0	1.4789386	0.0004581050534538566
2792000000.0	1.4778019999999998	0.000431960183350297
2792500000.0	1.4790527999999998	0.0002374518056364587
2793000000.0	1.4792942000000002	0.0004330392130050078
2793500000.0	1.4794519999999998	0.00032637279298373403
2794000000.0	1.4791235999999999	0.00016444403303253404
2794500000.0	1.4783830000000002	0.000124686807642157
2795000000.0	1.478264	0.0004957350098590837
2795500000.0	1.4782886000000002	0.0004958651429572621
2796000000.0	1.4778449999999999	0.001249003282621789
2796500000.0	1.4784962	0.0006353501082080591
2797000000.0	1.478507	0.0004887125944765859
2797500000.0	1.478015	0.0006330339643336464
2798000000.0	1.4773406000000002	0.000568726155544144
2798500000.0	1.4780702000000001	0.00040563698056264797
2799000000.0	1.4779882	0.0003865888772326431
2799500000.0	1.477662	0.00022083568552208493
2800000000.0	1.4773419999999997	0.0003414621501719475
2800500000.0	1.4780066	0.00020397313548604595
2801000000.0	1.4761352	0.0007444196128528494
2801500000.0	1.4785685999999998	0.00028539698666949984
2802000000.0	1.4779764	0.0003971244641167319
2802500000.0	1.478433	0.00038798195834343334
2803000000.0	1.47898	0.00030292243231561626
2803500000.0	1.4793147999999998	0.00040288032962652393
2804000000.0	1.4798482	0.0006714847429390493
2804500000.0	1.4799457999999999	0.0006910375966616964
2805000000.0	1.4789286000000001	0.0007184863533846697
2805500000.0	1.4786076	0.0005716920849547942
2806000000.0	1.4770358	0.0004609058038254614
2806500000.0	1.475084	0.00017135343591543448
2807000000.0	1.4718466	0.0002937200027237133
2807500000.0	1.4736446	0.00034868186072695704
2808000000.0	1.4752348000000002	0.00026278690987186995
2808500000.0	1.4750785999999998	0.00035261798025625784
2809000000.0	1.4720334000000002	0.00014222179861044673
2809500000.0	1.4729828	0.00013284035531419813
2810000000.0	1.4742719999999998	0.0003321608044305931
2810500000.0	1.4740162	0.0005587820326388535
2811000000.0	1.4723346000000002	0.0002629544447237605
2811500000.0	1.4704611999999997	0.0002819669484176529
2812000000.0	1.4734582	0.00035590583024161163
2812500000.0	1.4755092	0.0003863875774400258
2813000000.0	1.4766182	0.0003828197487069197
2813500000.0	1.4768279999999998	0.00010076110360651327
2814000000.0	1.4766134000000002	0.00021471991058117534
2814500000.0	1.4775991999999998	0.000364079332014312
2815000000.0	1.4778073999999999	0.0001183969594204337
2815500000.0	1.4779192	0.0001895134823699407
2816000000.0	1.4779662	0.0007505313850866258
2816500000.0	1.4765039999999998	0.000498297902865336
2817000000.0	1.4724786	0.00010807515903299203
2817500000.0	1.4662783999999998	0.0004949814541979952
2818000000.0	1.4656594	0.000332121423578815
2818500000.0	1.4703858	0.00016637956605301577
2819000000.0	1.470502	0.0003037452880293039
2819500000.0	1.4654691999999998	0.0005556320365133698
2820000000.0	1.46265	0.0005472096490377576
2820500000.0	1.4674752	0.0006600864791828585
2821000000.0	1.4688738	0.0007790916249068719
2821500000.0	1.4658453999999999	0.00023310907318248422
2822000000.0	1.4603987999999999	0.00041464365423821446
2822500000.0	1.4665106	0.00018177964682555088
2823000000.0	1.4700744	0.00022991006937496188
2823500000.0	1.4732438	0.0005507436427231734
2824000000.0	1.4747962	0.00035087513448517734
2824500000.0	1.4745244	0.0008329318339456038
2825000000.0	1.4737944	0.0010515834916924466
2825500000.0	1.4756164	0.0010021065013260803
2826000000.0	1.4767427999999998	0.0004320955449897931
2826500000.0	1.4781004000000002	0.00041129629222740207
2827000000.0	1.4786714	0.00031698807548548975
2827500000.0	1.4784656	0.0006365747717275433
2828000000.0	1.4780642	0.00044268788101771493
2828500000.0	1.4792378000000002	0.0006202932854706338
2829000000.0	1.4797056	0.0004285690609458221
2829500000.0	1.480214	0.0007296500531076337
2830000000.0	1.4788038000000001	0.0008029434351185515
2830500000.0	1.4783216	0.00010761524055633499
2831000000.0	1.4778344	0.0005094501349494728
2831500000.0	1.4765346	0.0003260580316446765
2832000000.0	1.4745938000000003	0.00036234315227421667
2832500000.0	1.469408	0.0005363882921914017
2833000000.0	1.4711644	0.0006790883889450344
2833500000.0	1.4732148	0.00035352363428776625
2834000000.0	1.4748692	0.0005986716629338551
2834500000.0	1.4725705999999998	0.0004984285706096594
2835000000.0	1.4711158	0.0006200449661113487
2835500000.0	1.4741284000000001	0.000167471310975999
2836000000.0	1.4752182	0.0002959678360903249
2836500000.0	1.4722906000000002	0.0003783979915380382
2837000000.0	1.4705448	0.0007347942296996871
2837500000.0	1.4741674	0.0007369202399174061
2838000000.0	1.4758559999999998	0.0006245222173790412
2838500000.0	1.4764578	0.0005111326246679919
2839000000.0	1.4765232	0.0005932734276874655
2839500000.0	1.477128	0.00037522633169859046
2840000000.0	1.4768498	0.00051271567169343
2840500000.0	1.476711	0.0001273860274912317
2841000000.0	1.4772804000000002	0.0003957305143655219
2841500000.0	1.4772759999999998	0.0003733298809363949
2842000000.0	1.4760750000000002	0.0006340630883436831
2842500000.0	1.4703262000000001	0.00041137885215458263
2843000000.0	1.465587	0.0004209612808798262
2843500000.0	1.4698113999999998	0.0005736324955927736
2844000000.0	1.4730523999999998	0.00042248436657471437
2844500000.0	1.4705013999999998	0.0002008517861509016
2845000000.0	1.4651754	0.0004149595642950966
2845500000.0	1.465312	0.0005215749227100673
2846000000.0	1.4700807999999999	0.0003692984700753412
2846500000.0	1.4697736	0.0001555231172526952
2847000000.0	1.4671934	0.00026014196124417744
2847500000.0	1.4644134000000002	0.0003162547074748131
2848000000.0	1.469798	0.0009499690521274649
2848500000.0	1.4733718000000002	0.0006528256735147708
2849000000.0	1.4744194	0.00013778330813274276
2849500000.0	1.475301	0.0005037554962478983
2850000000.0	1.4752762000000001	0.0003099441239965334
2850500000.0	1.4768466	0.0005888798179594755
2851000000.0	1.4778286	0.0002820975717726158
2851500000.0	1.4763144000000001	0.0009414428500976257
2852000000.0	1.4763768	0.000552474216592915
2852500000.0	1.4782780000000002	0.0002592820857676008
2853000000.0	1.4770742	0.0003986985828919029
2853500000.0	1.4786664	0.0007227465945958922
2854000000.0	1.4769312	0.000596535464159472
2854500000.0	1.4785800000000002	0.0007388079588093591
2855000000.0	1.4786168	0.0007895736571087202
2855500000.0	1.4794452	0.0006267211182017166
2856000000.0	1.4792534	0.0010721182024385192
2856500000.0	1.4794394	0.0005679389403800707
2857000000.0	1.4795796	7.901291033747296e-05
2857500000.0	1.4787175999999997	0.0006055868558679479
2858000000.0	1.4797432000000001	0.0006702370923784717
2858500000.0	1.4782616000000002	0.000362971954839498
2859000000.0	1.4782952000000003	0.00041325701445952894
2859500000.0	1.4786515999999998	0.0002173850040825674
2860000000.0	1.4795318	0.0003483259393154362
2860500000.0	1.479276	0.0004456159781695195
2861000000.0	1.4779930000000001	0.00039124774759734243
2861500000.0	1.479048	0.00023379392635390633
2862000000.0	1.4783414	0.00034688188191364997
2862500000.0	1.4794146	0.0011122126775037029
2863000000.0	1.4787064	0.000731556860401155
2863500000.0	1.4794144	0.0005718991519490034
2864000000.0	1.4784462	0.0006149892356781702
2864500000.0	1.4786488	0.00036108913027119795
2865000000.0	1.4791197999999999	0.00042822676235844105
2865500000.0	1.4790382000000002	0.0004473300347617553
2866000000.0	1.4781634000000001	0.0005162707041853476
2866500000.0	1.478327	0.0009676546904758921
2867000000.0	1.4789096	0.0003061709326503884
2867500000.0	1.4785110000000001	0.0003495786034642916
2868000000.0	1.4786506	0.0007538147252474878
2868500000.0	1.4788001999999998	0.0007323197116014355
2869000000.0	1.4795310000000002	0.0006751035476132096
2869500000.0	1.4783114	0.00039306518543367656
2870000000.0	1.478474	0.0005693167835221398
2870500000.0	1.478924	0.0006949595671691831
2871000000.0	1.4791502	0.0004535766307913072
2871500000.0	1.478647	0.0003223656309224512
2872000000.0	1.4780814000000002	0.0004313460791522354
2872500000.0	1.4789352	0.0004995799835862448
2873000000.0	1.4789815999999998	0.0007239283389949815
2873500000.0	1.477988	0.0011253619862070783
2874000000.0	1.4795083999999998	0.0006127314583078325
2874500000.0	1.4793496000000002	0.00045364065073580476
2875000000.0	1.47849	0.0006683307564372626
2875500000.0	1.4791102	0.00071777417061357
2876000000.0	1.4788451999999999	0.0003711314591893482
2876500000.0	1.4789166	0.000254934972100745
2877000000.0	1.4797224	0.00042345464928372263
2877500000.0	1.478522	0.00044220719125767784
2878000000.0	1.4784831999999999	0.0002260711392460117
2878500000.0	1.4789344	0.0006144156899038224
2879000000.0	1.479431	0.00041324810949356733
2879500000.0	1.4790874	0.000600214161778973
2880000000.0	1.4795331999999999	0.0006710586859582872
2880500000.0	1.4794314000000002	0.0006727241931133422
2881000000.0	1.4797681999999999	0.0005385853321434001
2881500000.0	1.4790234	0.00044394666346307346
2882000000.0	1.4780354	0.00040951366277575
2882500000.0	1.4786948	0.0009309817184026191
2883000000.0	1.4800090000000001	0.0006853743502641919
2883500000.0	1.4786005999999998	0.0003938571314576188
2884000000.0	1.4782031999999998	0.000397065939108318
2884500000.0	1.4774878	0.0005638440919261631
2885000000.0	1.479805	0.0008306712947971673
2885500000.0	1.479533	0.0006245151719534125
2886000000.0	1.4796904000000002	0.0005501663748358813
2886500000.0	1.478488	0.00012468359956302813
2887000000.0	1.479777	0.00026812012233326765
2887500000.0	1.4805746000000002	0.0009883530947996182
2888000000.0	1.480481	0.0008904556137169258
2888500000.0	1.480002	0.0006184487044210016
2889000000.0	1.4799132	0.0004063374951933124
2889500000.0	1.4801018	0.00021397794278849982
2890000000.0	1.4791162000000002	0.0008210754898302421
2890500000.0	1.4797074000000001	0.0006935031650973188
2891000000.0	1.4793482	0.0007576947670401333
2891500000.0	1.4794642	0.0005502709877869009
2892000000.0	1.4775562	0.00038173310047728
2892500000.0	1.4786468000000001	0.0003619455207624311
2893000000.0	1.479796	0.0003219434732993129
2893500000.0	1.4799622	0.0003057956180196448
2894000000.0	1.4789530000000002	0.00028055373816787476
2894500000.0	1.4785986000000002	0.0003515142102390176
2895000000.0	1.4788877999999999	0.0005823124247343445
2895500000.0	1.4796878	0.0008426744092471154
2896000000.0	1.476698	0.0004108771105817161
2896500000.0	1.4737732000000001	0.00019324740619215355
2897000000.0	1.4680828000000001	0.0006102377897180653
2897500000.0	1.4696056	0.0006129256398618397
2898000000.0	1.4719514	0.00024265580561776582
2898500000.0	1.472597	0.000657279240505899
2899000000.0	1.4671242	0.0004494073430642289
2899500000.0	1.4680138	0.00038179701413184296
2900000000.0	1.47164	0.0004785277421425107
2900500000.0	1.4740924	0.00036911060672913896
2901000000.0	1.4693593999999999	0.00022831434470922484
2901500000.0	1.4662466	0.00042115298882949246
2902000000.0	1.4708131999999998	0.0006589413934486011
2902500000.0	1.475064	0.0010827950868007898
2903000000.0	1.4759438	0.0009188846282314296
2903500000.0	1.4768105999999999	0.0008675461025213053
2904000000.0	1.4767009999999998	0.0007359241808773722
2904500000.0	1.4774594	0.0007932736224027454
2905000000.0	1.4784279999999999	0.0008451548970454753
2905500000.0	1.478195	0.0004543223525207624
2906000000.0	1.4769970000000001	0.0009916428792664887
2906500000.0	1.4748614	0.000720014333190655
2907000000.0	1.4737906	0.00040608452322146867
2907500000.0	1.4753036	0.0012862787567241973
2908000000.0	1.4764532000000001	0.0008431022239325456
2908500000.0	1.4739602	0.0004797863691269316
2909000000.0	1.4720622	0.0001043980842735889
2909500000.0	1.4755762000000001	0.0005568969024873219
2910000000.0	1.4748088000000001	0.00012353849602453503
2910500000.0	1.4747022	0.0004774760308120329
2911000000.0	1.4730724	0.001259839767589559
2911500000.0	1.4747816	0.00045392889310993316
2912000000.0	1.4750616	0.0003316447496946082
2912500000.0	1.4761604	0.00026380947670618646
2913000000.0	1.4765286	0.00040693861945013916
2913500000.0	1.4779828	0.0005741872168552578
2914000000.0	1.47729	0.000668246361755846
2914500000.0	1.4783849999999998	0.0005491684623136722
2915000000.0	1.4776388	0.00039906861565397564
2915500000.0	1.4782096	0.0005548735351411443
2916000000.0	1.4782999999999997	0.00034610865346012154
2916500000.0	1.4796428000000001	0.0008542986363093237
2917000000.0	1.4800634000000001	0.000893529316810594
2917500000.0	1.4797042	0.0005095768440578904
2918000000.0	1.4801456	0.0007006455880115148
2918500000.0	1.4798076	0.0005826146582433016
2919000000.0	1.4773796000000001	0.0003862334009378676
2919500000.0	1.4772599999999998	0.0005239274758971975
2920000000.0	1.4732092	0.0008064248012059542
2920500000.0	1.4672736	0.0007319799450804894
2921000000.0	1.4726656	0.0011019511059933472
2921500000.0	1.4735304	0.000657947596697471
2922000000.0	1.4730393999999998	0.0006650174734546445
2922500000.0	1.4666565999999999	0.0006793313182829564
2923000000.0	1.4702004	0.0006916145169095013
2923500000.0	1.4722696000000002	0.00026760612847992016
2924000000.0	1.4740808	0.000832120279767267
2924500000.0	1.4678103999999998	0.001033534440645283
2925000000.0	1.4687317999999998	0.0002129313504394894
2925500000.0	1.47387	0.000627650539711385
2926000000.0	1.4760318	0.0003925065095001416
2926500000.0	1.4767032000000002	0.00037176089089630346
2927000000.0	1.4764846	0.00032599668709979194
2927500000.0	1.4769358000000001	0.00046084418190969165
2928000000.0	1.4771408	0.0001540823156627644
2928500000.0	1.4776294	0.0002376818040994594
2929000000.0	1.4771610000000002	0.00030631356483182753
2929500000.0	1.4741101999999997	0.0006468317864792367
2930000000.0	1.4726637999999999	0.0006474409316686298
2930500000.0	1.4763552	0.0003740574287459754
2931000000.0	1.4775306000000001	0.00031623004284859346
2931500000.0	1.476534	0.0003265369810603233
2932000000.0	1.4738514000000003	0.0004942163898536601
2932500000.0	1.4750082	0.0006260847865904708
2933000000.0	1.4757784	0.00036944856204887796
2933500000.0	1.4759134	0.00013268549280154462
2934000000.0	1.4735578	0.0003568912439385483
2934500000.0	1.4740331999999998	0.00017908255079714352
2935000000.0	1.4766882	0.00046159436738325214
2935500000.0	1.476967	0.0005484228295759122
2936000000.0	1.4773736	0.00019982952734767562
2936500000.0	1.4780128000000001	0.0010011336374330642
2937000000.0	1.4776742	0.0005611407666530287
2937500000.0	1.4776333999999998	0.000812789911354692
2938000000.0	1.4791140000000003	0.0009061331028055228
2938500000.0	1.4792691999999998	0.00047095027338346434
2939000000.0	1.4788569999999999	0.00023680033783758601
2939500000.0	1.4788228	0.00019353387300423741
2940000000.0	1.4781372000000002	0.0001080858917713107
2940500000.0	1.4792272	0.00016093775194149358
2941000000.0	1.4798411999999999	0.0003656213341696632
2941500000.0	1.4789192000000002	0.0005550212248193666
2942000000.0	1.4792802000000003	0.0010180014538300095
2942500000.0	1.479146	0.0004921142143852008
2943000000.0	1.4796017999999997	0.00037526172200210534
2943500000.0	1.4796551999999998	0.00022408783991996508
2944000000.0	1.4784220000000001	0.00042966731316216916
2944500000.0	1.4790342	0.00014734910926101968
2945000000.0	1.4794622	0.0002691151426434352
2945500000.0	1.4787848000000001	0.0006623356852835033
2946000000.0	1.4795364	0.0001795066572581905
2946500000.0	1.4797387999999998	0.00024056799454627093
2947000000.0	1.4797676	0.0005772647919282626
2947500000.0	1.4787224	0.00029851740317773663
2948000000.0	1.4784380000000001	0.000369786424845472
2948500000.0	1.4790991999999998	0.00038250354246728303
2949000000.0	1.4785255999999998	0.00019985154490270585
2949500000.0	1.4780153999999999	0.00043250507511477076
2950000000.0	1.4784650000000001	0.0005210090210351051
2950500000.0	1.4783568	0.0005277614612682757
2951000000.0	1.4789374	0.0005187830375022101
2951500000.0	1.4786888	0.0005357515842253799
2952000000.0	1.4782832000000001	0.00024736159766627506
2952500000.0	1.4786873999999999	0.00023228482516082755
2953000000.0	1.4802886000000002	0.0006689438242483733
2953500000.0	1.4788485999999998	0.0006215762543727369
2954000000.0	1.4795615999999998	0.0009153820186129552
2954500000.0	1.4797858000000002	0.0005397297101327538
2955000000.0	1.4794274	0.0002953483367144353
2955500000.0	1.4801742	0.00032275278465106465
2956000000.0	1.4805368	0.0007213846130878838
2956500000.0	1.4799594	0.0004496721472362253
2957000000.0	1.4793988	0.0003848076922308335
2957500000.0	1.4790626	0.00015097893892864362
2958000000.0	1.4787018	0.0001230486082814112
2958500000.0	1.4786668000000003	0.0001586787950546662
2959000000.0	1.4792556	0.00020515613566260201
2959500000.0	1.4792772	0.0004661619461088453
2960000000.0	1.4789354	0.0004678869949037154
2960500000.0	1.4791553999999998	0.00039691036771545123
2961000000.0	1.4791638	0.00017557266302017702
2961500000.0	1.4795909999999999	0.00021285488014141448
2962000000.0	1.4797526	0.0005976914254027489
2962500000.0	1.4790538	0.0006144843041120227
2963000000.0	1.4796610000000001	0.0008020748094784947
2963500000.0	1.4797492	0.0003812791103640614
2964000000.0	1.4792466000000002	0.0005897838926250731
2964500000.0	1.4794947999999999	0.0005447448577086349
2965000000.0	1.4797362	0.00035835981917619984
2965500000.0	1.4792786000000002	0.0004724322596944695
2966000000.0	1.480411	0.0003388267994123218
2966500000.0	1.4801714000000001	0.0008348359359778421
2967000000.0	1.4803144	0.0007774966495105022
2967500000.0	1.4800668000000001	0.0005906706019432009
2968000000.0	1.4799808	0.0007219394434438156
2968500000.0	1.4797429999999998	0.0008764156548122816
2969000000.0	1.4797493999999998	0.0008804759167632017
2969500000.0	1.4794344000000001	0.0010121260000612732
2970000000.0	1.4789498	0.00021261175884692174
2970500000.0	1.4792566	0.0006365034485374116
2971000000.0	1.4793631999999999	0.00044624361059848007
2971500000.0	1.48016	0.0009397069756046598
2972000000.0	1.4801099999999998	0.0008879804051891864
2972500000.0	1.4802472	0.0010361523826156183
2973000000.0	1.4801256	0.0011690118220103734
2973500000.0	1.4799917999999999	0.0011068803729400853
2974000000.0	1.4798750000000003	0.0006507309735980904
2974500000.0	1.4800394000000001	0.0006725582800025785
2975000000.0	1.4807606	0.0005530593458209772
2975500000.0	1.4810387999999999	0.0008569696377351988
2976000000.0	1.4801829999999998	0.0009240255407725469
2976500000.0	1.4799294	0.0006292324212880523
2977000000.0	1.4797369999999999	0.001133648446388979
2977500000.0	1.4805424	0.0008787087344507346
2978000000.0	1.4801536	0.0005488597635097761
2978500000.0	1.4783916000000001	0.0006031950265046311
2979000000.0	1.4794847999999998	0.0003315481262200214
2979500000.0	1.4801128000000001	0.0005304818187270676
2980000000.0	1.4798145999999999	0.0007331217088588312
2980500000.0	1.4798972	0.0007355067368828366
2981000000.0	1.4798028	0.000501636282579305
2981500000.0	1.4796736	0.00028103138614755
2982000000.0	1.4798508000000001	0.0010288277601231605
2982500000.0	1.4792582	0.000599458889332729
2983000000.0	1.4794269999999998	0.0007590193673418344
2983500000.0	1.4785461999999998	0.0003494380631814577
2984000000.0	1.4789254	0.0007611865999871686
2984500000.0	1.47859	0.00034622362715441466
2985000000.0	1.4786496	0.0003136996015298483
2985500000.0	1.4795056	0.0002498476335689477
2986000000.0	1.479223	0.0005136477392143588
2986500000.0	1.478036	0.0003087840669464818
2987000000.0	1.478236	0.00019281597444194656
2987500000.0	1.4790465999999998	0.00027770315086436757
2988000000.0	1.4784402	0.0004645459718908581
2988500000.0	1.477891	0.0001179050465417149
2989000000.0	1.4773154000000002	0.0006696812973347598
2989500000.0	1.4779714	0.0006289904927739048
2990000000.0	1.479197	0.00024734348586528086
2990500000.0	1.4794665999999999	0.0003040984051257398
2991000000.0	1.4795251999999999	0.00020995275659063981
2991500000.0	1.4796894	0.0004957195174693328
2992000000.0	1.4803458	0.00041631497691047996
2992500000.0	1.4800096	0.0005187541228751938
2993000000.0	1.4800078	0.0006935016654630546
2993500000.0	1.4806278000000002	0.0008787057300370799
2994000000.0	1.4804836	0.0010290736805496628
2994500000.0	1.4802126	0.001187128737753429
2995000000.0	1.4800283999999997	0.0011831454010391375
2995500000.0	1.4798799999999999	0.000983915850060393
2996000000.0	1.4792397999999998	0.00040424170987177227
2996500000.0	1.4797894	0.0003888241762030107
2997000000.0	1.4788264	0.0004387813122729435
2997500000.0	1.479479	0.0006776922605431139
2998000000.0	1.4791424	0.00040019225379812326
2998500000.0	1.4796132	0.0008031202649665839
2999000000.0	1.4788388000000001	0.0003228382876921544
2999500000.0	1.4796958	0.000579415360514377
3000000000.0	1.4799624000000002	0.0010968392042592485
3000500000.0	1.4801282	0.0012596954235051928
3001000000.0	1.4803378	0.0012586023041453451
3001500000.0	1.480129	0.0009218440215134056
3002000000.0	1.4798164	0.0011568468524398162
3002500000.0	1.4799018	0.001280554005108738
3003000000.0	1.4790944	0.0007325595129407419
3003500000.0	1.4780624	0.0003921507873254534
3004000000.0	1.4791656	0.0006245288143872879
3004500000.0	1.4809908	0.0010953801897058693
3005000000.0	1.4789994	0.0005198898344841577
3005500000.0	1.4797668	0.0007629965661784226
3006000000.0	1.4793530000000001	0.0002960263501784715
3006500000.0	1.4801664	0.0004286334564636313
3007000000.0	1.4804536	0.000547665445322178
3007500000.0	1.4800244	0.0006897720203081717
3008000000.0	1.4812163999999999	0.0011280238649957535
3008500000.0	1.4805446	0.0010284284321234857
3009000000.0	1.4794188	0.00081346626236129
3009500000.0	1.4801152000000002	0.001159348851726721
3010000000.0	1.4799846	0.001610137584183429
3010500000.0	1.4805206	0.0007970090589196224
3011000000.0	1.4806966	0.0009123145510184297
3011500000.0	1.4797464000000002	0.0013714122064500112
3012000000.0	1.4791884	0.001194255517048159
3012500000.0	1.4794478	0.0005358422902309852
3013000000.0	1.4795585999999998	0.0006321748492307992
3013500000.0	1.4791794	0.0002486094125330195
3014000000.0	1.4795342	0.00031500628565156176
3014500000.0	1.4796592	0.0007003945745078113
3015000000.0	1.4795417999999998	0.0002976349441850235
3015500000.0	1.4802807999999998	0.0006997174858469541
3016000000.0	1.4799241999999997	0.0006256230174793703
3016500000.0	1.4794512	0.00012740392458635355
3017000000.0	1.479028	0.000279327048457553
3017500000.0	1.4791566	0.0001449587527539883
3018000000.0	1.4785967999999998	0.00030431786013965413
3018500000.0	1.4794091999999999	0.00017350780962246083
3019000000.0	1.4791144000000003	0.0005305256261482627
3019500000.0	1.477456	0.0003989726807689932
3020000000.0	1.4779962000000002	0.0004005782819873834
3020500000.0	1.4789252000000002	0.00044101219937777434
3021000000.0	1.4786335999999998	0.00014512422265075043
3021500000.0	1.4776340000000001	0.00019779282090101147
3022000000.0	1.4788798	0.000750680065007693
3022500000.0	1.479689	0.000441817609427244
3023000000.0	1.4796384	0.0006023412986007318
3023500000.0	1.4781592	0.0005157151927178549
3024000000.0	1.4787583999999998	0.0007908232672348623
3024500000.0	1.479319	0.0006971932300302252
3025000000.0	1.4782118	0.0005503487621499975
3025500000.0	1.4774558	0.0012982459551255886
3026000000.0	1.4782296	0.00027083692510436295
3026500000.0	1.47911	0.0007882347366108743
3027000000.0	1.4792972	0.0005968689638438363
3027500000.0	1.479335	0.0005689245995736443
3028000000.0	1.4792464	0.001533073592493167
3028500000.0	1.479756	0.001018628293343559
3029000000.0	1.4793306	0.0010305774303758324
3029500000.0	1.47997	0.0005876383241417031
3030000000.0	1.4790708000000001	0.0005385225714861059
3030500000.0	1.479246	0.001039320354847297
3031000000.0	1.4794205999999999	0.0009785061267053765
3031500000.0	1.4790188	0.0008851909172601908
3032000000.0	1.480077	0.0008154194012899096
3032500000.0	1.4795042	0.00034718836386029943
3033000000.0	1.479943	0.0003590476291524497
3033500000.0	1.4798566	0.00039357367798167827
3034000000.0	1.4801106000000002	0.0005702555918182346
3034500000.0	1.4790564	0.0003698170358433993
3035000000.0	1.478941	0.0005605579363456273
3035500000.0	1.4788070000000002	0.0008675614099301339
3036000000.0	1.4779319999999998	0.00024794596185462016
3036500000.0	1.4771882	0.00012916872686534778
3037000000.0	1.4789322	0.0005715184686429439
3037500000.0	1.4794952000000001	0.0005352514922912787
3038000000.0	1.4792258	0.0004743831362938414
3038500000.0	1.4779046	0.000753740963461641
3039000000.0	1.4793374	0.0007264972401874669
3039500000.0	1.4787488	0.0004343930938678249
3040000000.0	1.4798556	0.0005131848010220526
3040500000.0	1.4799312	0.0004296516728700492
3041000000.0	1.4782678	0.00048101617436426317
3041500000.0	1.4787455999999999	0.00026581091023512616
3042000000.0	1.478454	0.00041543134210121337
3042500000.0	1.479303	0.00036442777062131027
3043000000.0	1.4793479999999999	0.0003397752198144824
3043500000.0	1.4798107999999999	0.00035023443577124965
3044000000.0	1.4791657999999999	0.0002934439639862803
3044500000.0	1.4789590000000001	0.0007833780696445049
3045000000.0	1.4799522	0.00025953219453468093
3045500000.0	1.4783861999999999	0.0010397023420191125
3046000000.0	1.4790408000000002	0.00046670350330806196
3046500000.0	1.4788426000000001	0.00043003888196301227
3047000000.0	1.4780314	0.0008194809576798955
3047500000.0	1.4787298	0.0007648715970670932
3048000000.0	1.478889	0.00045222251160239614
3048500000.0	1.4793606000000001	0.00047081911600955524
3049000000.0	1.4801036	0.0005346518867450479
3049500000.0	1.4794668000000002	0.00033789903817557214
