f_GHz,y_fit,y_model,residuals,baseline_raw
2.79,0.9427908145764061,0.9436000591982739,-0.0008092446218678218,0.07845977663636194
2.7902,0.9418568819483392,0.9422903241205143,-0.0004334421721751136,0.07845135215337251
2.7904,0.93997560293431,0.9357289710543534,0.004246631879956664,0.07844294758053616
2.7906,0.927297789293288,0.9234120772887761,0.003885712004511932,0.078434562917852
2.7908,0.9093005930506518,0.9057934030214981,0.003507190029153673,0.07842619816532093
2.791,0.8850098567639454,0.887687636659074,-0.002677779895128629,0.07841785332294204
2.7912,0.8694416194019878,0.8795734927451252,-0.010131873343137365,0.07840952839071536
2.7914,0.8806373748219218,0.887149694868895,-0.006512320046973108,0.07840122336864175
2.7916,0.9068185835671062,0.9037001066005206,0.003118476966585626,0.07839293825672033
2.7918,0.9227329874187082,0.9200518415566065,0.0026811458621017747,0.07838467305495156
2.792,0.9348975752700461,0.9315384369395205,0.0033591383305255906,0.07837642776333542
2.7922,0.9393050769445344,0.9371396102379199,0.0021654667066144384,0.07836820238187148
2.7924,0.9387588579733054,0.9369828860424865,0.0017759719308189093,0.07835999691056017
2.7926,0.9327011975108239,0.9309615131058699,0.0017396844049539784,0.0783518113494015
2.7928,0.9234311127192751,0.9187051088166217,0.004726003902653431,0.07834364569839547
2.793,0.9047779471960617,0.9012161057025824,0.0035618414934793785,0.07833549995754163
2.7932,0.8807975294744714,0.8846502097018195,-0.003852680227348082,0.07832737412684043
2.7934,0.8760202255481551,0.8803888312686358,-0.0043686057204807005,0.07831926820629187
2.7936,0.8943471763700356,0.8925857279243796,0.0017614484456559554,0.0783111821958955
2.7938,0.9204814791104018,0.912963289551216,0.007518189559185817,0.07830311609565221
2.794,0.9386392352492565,0.9326294848535543,0.006009750395702174,0.07829506990556112
2.7942,0.950247485780983,0.9479036588001649,0.002343826980818031,0.07828704362562222
2.7944,0.9607192044966858,0.9586751916537722,0.0020440128429135562,0.0782790372558364
2.7946,0.9660935975030811,0.9659362294046544,0.0001573680984267023,0.07827105079620278
2.7948,0.9688873341206824,0.9706081015190728,-0.0017207673983904437,0.07826308424672179
2.795,0.9738961445247867,0.9732800884733417,0.0006160560514449909,0.07825513760739344
2.7952,0.9741213738615128,0.9742661831597441,-0.00014480929823135202,0.07824721087821729
2.7954,0.9796375652632822,0.9738312203410865,0.005806344922195672,0.07823930405919421
2.7956,0.9764321812937561,0.9727138795106598,0.0037183017830962894,0.07823141715032289
2.7958,0.9767835985269581,0.9725962601804512,0.004187338346506864,0.07822355015160465
2.796,0.9778312536316707,0.9748213989799972,0.0030098546516734714,0.07821570306303904
2.7962,0.9791827907636613,0.9785203080954397,0.0006624826682216645,0.07820787588462563
2.7964,0.9788499518087049,0.9820871448052538,-0.003237192996548899,0.07820006861636486
2.7966,0.9761609397627288,0.9848622750588523,-0.008701335296123491,0.07819228125825628
2.7968,0.9769039441535491,0.9868678684335297,-0.009963924279980607,0.07818451381030078
2.797,0.9774821578198569,0.9882921148321525,-0.01080995701229559,0.07817676627249748
2.7972,0.9803154376034652,0.9893014255017665,-0.008985987898301295,0.07816903864484681
2.7974,0.9806781986082328,0.9900117571594983,-0.009333558551265497,0.07816133092734878
2.7976,0.9788991858270443,0.9904985199390683,-0.011599334112024073,0.0781536431200025
2.7978,0.978336221004386,0.9908094200787633,-0.012473199074377272,0.07814597522280975
2.798,0.9798895624426098,0.99097366492623,-0.011084102483620129,0.07813832723576919
2.7982,0.9803655077828536,0.9910076733925451,-0.010642165609691556,0.07813069915888082
2.7984,0.9817667257072302,0.9909183338406525,-0.009151608133422307,0.07812309099214554
2.7986,0.9790221457127777,0.9907046010640168,-0.01168245535123913,0.078115502735562
2.7988,0.979395959757685,0.9903578752406914,-0.010961915483006401,0.07810793438913155
2.799,0.9801880629920928,0.9898613227290636,-0.009673259736970752,0.07810038595285373
2.7992,0.9800669633833555,0.9891880576533918,-0.009121094270036267,0.07809285742672811
2.7994,0.9794002110043554,0.9882978457824825,-0.008897634778127106,0.07808534881075513
2.7996,0.9787584497275039,0.9871316442560134,-0.008373194528509487,0.07807786010493434
2.7998,0.9781797442616115,0.9856027504197863,-0.007423006158174816,0.07807039130926663
2.8,0.9749871802267409,0.9835824550526704,-0.008595274825929478,0.07806294242375156
2.8002,0.9735066515772779,0.980876717268392,-0.007370065691114092,0.07805551344838824
2.8004,0.9713403710326212,0.9771885862761903,-0.005848215243569155,0.078048104383178
2.8006,0.9662673075597863,0.9720605695614742,-0.005793262001687949,0.0780407152281204
2.8008,0.9624241327617089,0.9648009341648175,-0.002376801403108586,0.07803334598321499
2.801,0.9534266727747053,0.9544559505898125,-0.001029277815107199,0.07802599664846221
2.8012,0.9431832562643656,0.9401198018833612,0.0030634543810044157,0.07801866722386164
2.8014,0.9253459023686541,0.9224399004333338,0.0029060019353203126,0.07801135770941414
2.8016,0.9016265122282295,0.9068903125055822,-0.005263800277352626,0.07800406810511884
2.8018,0.8954887024010932,0.9031826104610131,-0.007693908059919874,0.07799679841097573
2.802,0.908092987209922,0.9133178489673612,-0.005224861757439192,0.0779895486269857
2.8022,0.9274811818451121,0.9282048907993201,-0.0007237089542080355,0.07798231875314787
2.8024,0.9417287534624814,0.9402254216895456,0.001503331772935823,0.07797510878946312
2.8026,0.9503388734585695,0.947276768157658,0.003062105300911444,0.07796791873593056
2.8028,0.9527637242660119,0.9495270751901883,0.00323664907582355,0.0779607485925502
2.803,0.950805662049641,0.9472344992067848,0.0035711628428561903,0.07795359835932247
2.8032,0.9459246541709193,0.940176593639991,0.005748060530928356,0.07794646803624738
2.8034,0.9339138841932082,0.9279986196046169,0.0059152645885912625,0.07793935762332493
2.8036,0.9153051524767528,0.9119463445175279,0.003358807959224941,0.07793226712055512
2.8038,0.8934646399209101,0.8981048756331713,-0.0046402357122612425,0.0779251965279375
2.804,0.8912321839307311,0.8957411629677241,-0.004508979036992988,0.07791814584547252
2.8042,0.9077232969589467,0.9058916708109984,0.0018316261479482954,0.07791111507315973
2.8044,0.9262766164005184,0.9206757515160934,0.005600864884425016,0.07790410421100002
2.8046,0.9374716893665457,0.9336113726017145,0.0038603167648312287,0.07789711325899251
2.8048,0.9494950065140763,0.9420309820862007,0.007464024427875526,0.07789014221713764
2.805,0.9495543173036296,0.9454237212565616,0.0041305960470680025,0.0778831910854354
2.8052,0.9504781721968577,0.9438138398951986,0.006664332301659082,0.07787625986388536
2.8054,0.9448646767038292,0.9369609632448753,0.00790371345895391,0.07786934855248795
2.8056,0.9308931982406596,0.9246771166582891,0.006216081582370525,0.07786245715124318
2.8058,0.9118816244109277,0.9088900979930227,0.0029915264179050105,0.07785558566015105
2.806,0.8935279993726378,0.896978343982236,-0.003450344609598144,0.07784873407921111
2.8062,0.8963036756937747,0.8983809588674878,-0.0020772831737131403,0.07784190240842381
2.8064,0.9147556081278837,0.912408121755774,0.002347486372109686,0.07783509064778915
2.8066,0.9365063418376633,0.9304225561586886,0.006083785678974718,0.07782829879730713
2.8068,0.9518466006124208,0.9464645333967494,0.00538206721567136,0.0778215268569773
2.807,0.9614237937330953,0.9586622617477104,0.0027615319853848685,0.0778147748268001
2.8072,0.9693731591948613,0.9672842717410537,0.002088887453807642,0.07780804270677555
2.8074,0.9726391772057565,0.9731859168841456,-0.0005467396783890299,0.07780133049690319
2.8076,0.9728119631804775,0.9771024510386142,-0.004290487858136682,0.07779463819718391
2.8078,0.9748815581226731,0.979503797682262,-0.004622239559588959,0.07778796580761682
2.808,0.9778807540941882,0.980646512182562,-0.002765758088373871,0.07778131332820237
2.8082,0.9811858258326484,0.9807298445892517,0.0004559812433966304,0.07777468075894012
2.8084,0.9820206210368216,0.9802493529589195,0.0017712680779021772,0.0777680680998305
2.8086,0.9800788431702638,0.9803538709407644,-0.000275027770500591,0.07776147535087352
2.8088,0.9801362176742874,0.9820483276388553,-0.0019121099645679207,0.07775490251206918
2.809,0.9801296597628292,0.984819258233382,-0.004689598470552836,0.07774834958341703
2.8092,0.9859574451158611,0.9875384884055501,-0.0015810432896889992,0.07774181656491752
2.8094,0.9844729901615298,0.9897112581709396,-0.005238268009409852,0.07773530345657065
2.8096,0.9844915225438665,0.9913415190415124,-0.006849996497645838,0.07772881025837641
2.8098,0.9846372306614235,0.9925624394853345,-0.007925208823911012,0.07772233697033437
2.81,0.983329946948161,0.9934952995509744,-0.010165352602813371,0.07771588359244541
2.8102,0.9840485854601589,0.9942264137024543,-0.010177828242295406,0.0777094501247082
2.8104,0.9858887077671941,0.9948136593266835,-0.008924951559489469,0.07770303656712407
2.8106,0.9878563477336814,0.9952957024741619,-0.007439354740480519,0.07769664291969258
2.8108,0.9872872568887904,0.9956988023846992,-0.008411545495908834,0.07769026918241284
2.811,0.9849202408863921,0.996041214468542,-0.011120973582149918,0.07768391535528618
2.8112,0.9874867684429524,0.9963359501279689,-0.008849181685016583,0.07767758143831216
2.8114,0.9885616099004922,0.9965925096401258,-0.008030899739633557,0.07767126743149033
2.8116,0.9871370008559031,0.996817986689995,-0.009680985834091937,0.07766497333482159
2.8118,0.9873187768443596,0.9970177868149861,-0.009699009970626449,0.07765869914830459
2.812,0.9886354308398055,0.9971961050886456,-0.008560674248840106,0.07765244487194067
2.8122,0.9877581870257646,0.9973562507664111,-0.009598063740646534,0.07764621050572895
2.8124,0.9878244931111569,0.9975008726245794,-0.009676379513422484,0.07763999604966987
2.8126,0.9895362115097895,0.9976321185086853,-0.00809590699889573,0.07763380150376342
2.8128,0.9907886597513472,0.997751750410097,-0.006963090658749782,0.07762762686800917
2.813,0.9873967614129098,0.9978612289003167,-0.010464467487406925,0.07762147214240755
2.8132,0.9880234886964872,0.9979617760677848,-0.00993828737129765,0.07761533732695858
2.8134,0.9865317261155527,0.9980544231163863,-0.011522697000833526,0.07760922242166224
2.8136,0.9874642668071012,0.9981400468469486,-0.010675780039847371,0.07760312742651854
2.8138,0.9868523704282274,0.9982193979628023,-0.01136702753457497,0.07759705234152658
2.814,0.9858316754443935,0.9982931232803958,-0.012461447836002226,0.07759099716668816
2.8142,0.9848488635521504,0.9983617833388363,-0.013512919786685895,0.07758496190200148
2.8144,0.9844401178712163,0.9984258664953732,-0.013985748624156913,0.07757894654746789
2.8146,0.9870823747039073,0.9984858003078373,-0.01140342560393004,0.07757295110308648
2.8148,0.9903631862719549,0.998541960801334,-0.008178774529379096,0.07756697556885728
2.815,0.9872469858929352,0.9985946800695107,-0.01134769417657544,0.07756101994478115
2.8152,0.9869777562625407,0.9986442525534411,-0.011666496290900441,0.07755508423085722
2.8154,0.9894284419379962,0.9986909402619789,-0.009262498323982737,0.07754916842708637
2.8156,0.9935906827081015,0.9987349771383673,-0.005144294430265872,0.07754327253346771
2.8158,0.9941513488997368,0.998776572733406,-0.004625223833669256,0.07753739655000125
2.816,0.9912245857866748,0.9988159153116414,-0.00759132952496655,0.07753154047668742
2.8162,0.9919379457105654,0.9988531744911199,-0.006915228780554505,0.07752570431352668
2.8164,0.9907986726005216,0.998888503497172,-0.008089830896650385,0.07751988806051768
2.8166,0.9906300048382194,0.9989220410950757,-0.008292036256856261,0.07751409171766177
2.8168,0.9914321603094368,0.998953913254175,-0.007521752944738225,0.07750831528495805
2.817,0.9886689458500586,0.9989842345863333,-0.010315288736274741,0.07750255876240697
2.8172,0.9892021952467503,0.9990131095938848,-0.009810914347134436,0.07749682215000853
2.8174,0.9895563421954162,0.9990406337560742,-0.009484291560657998,0.07749110544776228
2.8176,0.9895268436300421,0.9990668944780049,-0.009540050847962833,0.07748540865566911
2.8178,0.9917851330936727,0.9990919719220819,-0.007306838828409212,0.07747973177372769
2.818,0.9922027004275701,0.9991159397386701,-0.0069132393110999946,0.07747407480193935
2.8182,0.9916868236016523,0.9991388657099958,-0.007452042108343493,0.07746843774030365
2.8184,0.9947248953158848,0.9991608123191285,-0.004435917003243639,0.07746282058882015
2.8186,0.9959091669979341,0.999181837254051,-0.003272670256116883,0.07745722334748928
2.8188,0.993602497438069,0.9992019938553222,-0.0055994964172531025,0.0774516460163106
2.819,0.9910394820745783,0.9992213315145835,-0.008181849440005218,0.07744608859528501
2.8192,0.9933995522100277,0.9992398960301001,-0.005840343820072369,0.07744055108441161
2.8194,0.9913088667129513,0.9992577299246624,-0.007948863211711177,0.07743503348369041
2.8196,0.9928118071627015,0.9992748727304155,-0.0064630655677140325,0.07742953579312228
2.8198,0.990809813816397,0.9992913612445693,-0.008481547428172309,0.07742405801270635
2.82,0.9907005694286367,0.9993072297594056,-0.008606660330768845,0.0774186001424435
2.8202,0.9907957488691239,0.9993225102695465,-0.008526761400422633,0.07741316218233285
2.8204,0.9915304003552916,0.9993372326590629,-0.007806832303771327,0.07740774413237439
2.8206,0.9922521042877233,0.9993514248706766,-0.007099320582953372,0.07740234599256857
2.8208,0.9931911863405573,0.9993651130590171,-0.006173926718459843,0.07739696776291538
2.821,0.9923513687508713,0.9993783217296621,-0.007026952978790857,0.07739160944341483
2.8212,0.9928293553224425,0.9993910738654721,-0.00656171854302956,0.07738627103406692
2.8214,0.9927440094412665,0.9994033910415506,-0.00665938160028412,0.0773809525348712
2.8216,0.9939767528317246,0.9994152935300069,-0.005438540698282313,0.07737565394582813
2.8218,0.9950942049117603,0.9994268003955568,-0.0043325954837964975,0.07737037526693724
2.822,0.9921279319023442,0.9994379295828829,-0.007309997680538749,0.07736511649819944
2.8222,0.9915806144273087,0.999448697996567,-0.007868083569258277,0.07735987763961427
2.8224,0.9915834989320864,0.9994591215743189,-0.007875622642232516,0.07735465869118086
2.8226,0.9926104415132129,0.9994692153541502,-0.00685877384093736,0.07734945965290052
2.8228,0.9923952037818562,0.9994789935360618,-0.007083789754205649,0.07734428052477238
2.823,0.9919875974493841,0.9994884695387637,-0.007500872089379551,0.07733912130679688
2.8232,0.9913491649073988,0.999497656051883,-0.008148491144484238,0.07733398199897445
2.8234,0.9924521882128761,0.9995065650840741,-0.0070543768711980315,0.07732886260130378
2.8236,0.9931580485779794,0.9995152080073975,-0.006357159429418058,0.07732376311378619
2.8238,0.9938637461243639,0.9995235955983013,-0.005659849473937384,0.07731868353642035
2.824,0.9969391018490249,0.999531738075502,-0.0025926362264770964,0.07731362386920759
2.8242,0.9963891797356711,0.9995396451350365,-0.0031504653993653653,0.07730858411214747
2.8244,0.9948396313942645,0.9995473259827226,-0.0047076945884581,0.07730356426523954
2.8246,0.9958520943481598,0.9995547893642525,-0.003702695016092661,0.07729856432848425
2.8248,0.9970822553535528,0.9995620435931173,-0.0024797882395645177,0.0772935843018816
2.825,0.9952113321818603,0.9995690965765353,-0.004357764394674946,0.07728862418543159
2.8252,0.9948776900171228,0.9995759558395576,-0.004698265822434822,0.07728368397913377
2.8254,0.9963635676850687,0.9995826285474895,-0.0032190608624207417,0.07727876368298858
2.8256,0.9951579255889416,0.9995891215267686,-0.004431195937827037,0.07727386329699604
2.8258,0.9959385477478213,0.9995954412844158,-0.0036568935365944855,0.07726898282115569
2.826,0.9940656746336574,0.9996015940261778,-0.005535919392520405,0.07726412225546841
2.8262,0.995281654582932,0.9996075856734559,-0.004325931090523816,0.07725928159993334
2.8264,0.9928567476830453,0.9996134218791182,-0.006756674196072843,0.07725446085455046
2.8266,0.993879984740765,0.9996191080422777,-0.005739123301512716,0.07724966001932065
2.8268,0.997416056879404,0.9996246493221148,-0.002208592442710766,0.07724487909424305
2.827,0.9965799941721413,0.9996300506508158,-0.003050056478674512,0.07724011807931808
2.8272,0.9938970850518432,0.9996353167456886,-0.005738231693845464,0.07723537697454574
2.8274,0.9917008880913448,0.9996404521205206,-0.007939564029175727,0.0772306557799256
2.8276,0.9911969867729905,0.9996454610962316,-0.00844847432324114,0.0772259544954581
2.8278,0.9930782495320158,0.9996503478108685,-0.006572098278852634,0.07722127312114324
2.828,0.991163005556962,0.9996551162289928,-0.008492110672030817,0.07721661165698102
2.8282,0.9911712819168688,0.9996597701505027,-0.008488488233633906,0.07721197010297098
2.8284,0.9937319719919587,0.999664313218924,-0.0059323412269652875,0.07720734845911359
2.8286,0.993008681349562,0.9996687489292156,-0.00666006757965365,0.07720274672540883
2.8288,0.9920926134826152,0.9996730806351121,-0.007580467152496828,0.07719816490185627
2.829,0.9943836220054436,0.9996773115560418,-0.0052936895505981685,0.07719360298845679
2.8292,0.9936466419792729,0.9996814447836473,-0.006034802804374406,0.0771890609852095
2.8294,0.9919982989349357,0.9996854832879314,-0.007687184352995646,0.07718453889211485
2.8296,0.995277002273749,0.9996894299230573,-0.00441242764930827,0.0771800367091724
2.8298,0.9940386977672406,0.9996932874328228,-0.005654589665582188,0.07717555443638258
2.83,0.9934288350454336,0.9996970584558309,-0.006268223410397344,0.0771710920737454
2.8302,0.9947052795574332,0.9997007455303742,-0.004995465972941093,0.0771666496212613
2.8304,0.9953912049730855,0.999704351099054,-0.004313146125968448,0.07716222707892895
2.8306,0.9950244235734056,0.9997078775131494,-0.004683453939743787,0.07715782444674923
2.8308,0.9945161427770118,0.9997113270367494,-0.005195184259737529,0.07715344172472216
2.831,0.9937764786903855,0.9997147018506676,-0.00593822316028203,0.07714907891284772
2.8312,0.9956297284505247,0.99971800405615,-0.004088275605625302,0.07714473601112548
2.8314,0.9953645588547797,0.9997212356783868,-0.004356676823607075,0.07714041301955588
2.8316,0.9960106948126857,0.9997243986698435,-0.0037137038571578573,0.07713610993813891
2.8318,0.9961430440473523,0.9997274949134195,-0.0035844508660671792,0.07713182676687458
2.832,0.9947984647244795,0.9997305262254458,-0.004932061500966256,0.07712756350576244
2.8322,0.9964712221951826,0.9997334943585302,-0.0032622721633476237,0.07712332015480339
2.8324,0.9982723276346911,0.9997364010042609,-0.0014640733695697739,0.07711909671399608
2.8326,0.9946536859708076,0.9997392477957717,-0.005085561824964113,0.07711489318334186
2.8328,0.9949773652908823,0.999742036310185,-0.004764671019302669,0.07711070956284027
2.833,0.9978696724490554,0.9997447680709303,-0.0018750956218748227,0.07710654585249044
2.8332,0.9964846689140784,0.9997474445499521,-0.003262775635873738,0.07710240205229413
2.8334,0.9960369902153013,0.9997500671698113,-0.003713076954509953,0.07709827816224957
2.8336,0.9937134452788192,0.9997526373056839,-0.006039192026864648,0.07709417418235764
2.8338,0.9967080508989431,0.999755156287265,-0.003047105388321869,0.0770900901126188
2.834,0.9983280151843291,0.9997576254005839,-0.001429610216254762,0.07708602595303171
2.8342,0.9967871999443074,0.9997600458897328,-0.002972845945425351,0.0770819817035977
2.8344,0.9960683027323041,0.999762418958515,-0.003694116226210964,0.07707795736431589
2.8346,0.9950406810000028,0.9997647457720168,-0.004724064772014036,0.07707395293518671
2.8348,0.9967112680270477,0.9997670274581075,-0.0030557594310598457,0.07706996841621017
2.835,0.996955308252238,0.9997692651088712,-0.002813956856633215,0.07706600380738582
2.8352,0.9976489241640764,0.9997714597819725,-0.002122535617896104,0.07706205910871455
2.8354,0.9990749352626322,0.9997736125019621,-0.0006986772393298146,0.07705813432019504
2.8356,0.9991255653984392,0.9997757242615232,-0.0006501588630839494,0.0770542294418286
2.8358,0.9966180726275415,0.999777796022663,-0.0031597233951214942,0.0770503444736148
2.836,0.9985576447828654,0.9997798287178524,-0.0012221839349870756,0.0770464794155532
2.8362,0.9989802743538454,0.9997818232511128,-0.0008015488972673568,0.07704263426764424
2.8364,0.998592788680692,0.9997837804990601,-0.0011909918183681256,0.07703880902988747
2.8366,0.9987963906753426,0.9997857013119013,-0.0009893106365586046,0.07703500370228378
2.8368,0.9973669398626303,0.999787586514386,-0.0024206466517557867,0.07703121828483228
2.837,0.9963613865516104,0.999789436906723,-0.0034280503551125108,0.07702745277753298
2.8372,0.9963712645679628,0.9997912532654527,-0.0034199886974899396,0.07702370718038676
2.8374,0.9962008643912332,0.9997930363442855,-0.003592171953052281,0.07701998149339273
2.8376,0.995477240197129,0.999794786874905,-0.004317546677775952,0.07701627571655179
2.8378,0.99592354178728,0.9997965055677372,-0.003872963780457206,0.07701258984986303
2.838,0.9935274511746839,0.9997981931126886,-0.006270741938004698,0.07700892389332648
2.8382,0.9942432719874019,0.9997998501798525,-0.00555657819245059,0.077005277846943
2.8384,0.9986759477548315,0.9998014774201902,-0.0011255296653587266,0.07700165171071127
2.8386,1.0002404780787504,0.9998030754661792,0.0004374026125711916,0.07699804548463263
2.8388,1.0002098904816283,0.9998046449324406,0.00040524554918774935,0.07699445916870662
2.839,1.001516849833142,0.9998061864163376,0.00171066341680437,0.0769908927629328
2.8392,0.9974593264876845,0.9998077004985528,-0.0023483740108682927,0.07698734626731163
2.8394,0.9973892370164597,0.9998091877436401,-0.0024199507271804865,0.07698381968184265
2.8396,0.9979878793321197,0.9998106487005586,-0.0018227693684388369,0.07698031300652675
2.8398,0.9974669851766983,0.9998120839031811,-0.0023450987264828083,0.07697682624136348
2.84,0.9971130501047022,0.999813493870787,-0.0027004437660848035,0.07697335938635197
2.8402,0.9978267903878921,0.9998148791085332,-0.001988088720641046,0.07696991244149354
2.8404,0.9949116668830157,0.9998162401079094,-0.004904573224893682,0.0769664854067873
2.8406,0.9924850184233971,0.9998175773471737,-0.0073325589237766,0.07696307828223414
2.8408,0.9916021499274522,0.9998188912917736,-0.008216741364321378,0.07695969106783318
2.841,0.9924048284600241,0.9998201823947489,-0.007415353934724811,0.07695632376358441
2.8412,0.9940438625255559,0.9998214510971231,-0.005777588571567183,0.07695297636948872
2.8414,0.99541250237874,0.999822697828276,-0.004410195449536025,0.07694964888554479
2.8416,0.9978621659002018,0.9998239230063058,-0.001961757106104023,0.07694634131175437
2.8418,0.9962701174226514,0.9998251270383759,-0.003555009615724525,0.07694305364811616
2.842,0.9938152456385886,0.9998263103210498,-0.006011064682461265,0.07693978589462969
2.8422,0.9933809117915857,0.9998274732406137,-0.006446561449027999,0.07693653805129674
2.8424,0.994993118459698,0.9998286161733875,-0.004835497713689518,0.07693331011811555
2.8426,0.9956911692503998,0.9998297394860233,-0.004138570235623473,0.07693010209508744
2.8428,0.9964662658240635,0.9998308435357968,-0.003364577711733263,0.07692691398221196
2.843,0.9940482252221027,0.9998319286708821,-0.005783703448779431,0.07692374577948824
2.8432,0.9924794984493956,0.9998329952306242,-0.007353496781228541,0.0769205974869176
2.8434,0.9953782970007429,0.9998340435457957,-0.004455746545052874,0.07691746910449915
2.8436,0.9975431214294638,0.9998350739388481,-0.0022919525093842985,0.07691436063223378
2.8438,0.9950206852024569,0.9998360867241517,-0.004815401521694795,0.0769112720701206
2.844,0.9970306248263827,0.99983708220823,-0.0028064573818472605,0.07690820341815963
2.8442,0.9981390143436099,0.9998380606899844,-0.001699046346374522,0.07690515467635173
2.8444,0.9988995164802175,0.99983902246091,-0.0009395059806925898,0.07690212584469602
2.8446,0.9992605739592104,0.9998399678053069,-0.0005793938460965098,0.07689911692319296
2.8448,1.0005873555306921,0.9998408970004821,0.0007464585302100479,0.07689612791184253
2.845,0.9988228065524707,0.9998418103169439,-0.0010190037644731698,0.07689315881064429
2.8452,0.9968517769288261,0.9998427080185933,-0.0029909310897672237,0.07689020961959914
2.8454,0.9966063760616777,0.9998435903629053,-0.0032372143012275867,0.07688728033870573
2.8456,0.9958583252416137,0.9998444576011044,-0.003986132359490746,0.07688437096796541
2.8458,0.9983561860697832,0.9998453099783381,-0.0014891239085549346,0.07688148150737772
2.846,0.9972855700724689,0.9998461477338387,-0.002560577661369856,0.07687861195694179
2.8462,0.9989457713143486,0.999846971101086,-0.0009011997867374166,0.07687576231665938
2.8464,0.9996395903597889,0.9998477803079586,-0.00020818994816973468,0.07687293258652872
2.8466,0.9978981721529021,0.9998485755768856,-0.001950403423983449,0.0768701227665507
2.8468,0.9994289605392471,0.9998493571249893,-0.00042039658574222205,0.07686733285672576
2.847,0.9997870944819821,0.9998501251642262,-6.303068224411401e-05,0.07686456285705257
2.8472,0.998895136046848,0.9998508799015211,-0.000955743854673119,0.07686181276753246
2.8474,0.9994460428123012,0.999851621538899,-0.00040557872659774397,0.07685908258816498
2.8476,0.9988240984181731,0.9998523502736106,-0.0010282518554375342,0.07685637231894926
2.8478,0.9975961856483784,0.9998530662982559,-0.002256880649877502,0.07685368195988662
2.848,0.9959684331210464,0.9998537698009023,-0.003885336679855911,0.07685101151097617
2.8482,0.9912602210151391,0.9998544609651997,-0.00859423995006059,0.07684836097221881
2.8484,0.9892192118371006,0.9998551399704922,-0.010635928133391648,0.07684573034361364
2.8486,0.9908251903790704,0.9998558069919256,-0.009030616612855202,0.07684311962516066
2.8488,0.9914901447382924,0.9998564622005514,-0.00836631746225891,0.07684052881686076
2.849,0.9914073163969768,0.9998571057634289,-0.008449789366452132,0.07683795791871306
2.8492,0.9929096432017708,0.9998577378437219,-0.006948094641951119,0.076835406930718
2.8494,0.9915115624517005,0.9998583586007955,-0.00834679614909506,0.07683287585287557
2.8496,0.994560327781239,0.9998589681903072,-0.005298640409068134,0.07683036468518534
2.8498,0.9946828137357464,0.9998595667642955,-0.005176753028549141,0.07682787342764774
2.85,0.9948695060808607,0.9998601544712672,-0.004990648390406527,0.07682540208026278
2.8502,0.994153536092115,0.9998607314562815,-0.0057071953641665285,0.07682295064303046
2.8504,0.9931407452820528,0.9998612978610304,-0.006720552578977634,0.07682051911595034
2.8506,0.9935715905739091,0.999861853823918,-0.006290263250008921,0.07681810749902285
2.8508,0.9969546743118266,0.9998623994801372,-0.0029077251683106153,0.076815715792248
2.851,0.9954382645672106,0.9998629349617433,-0.004424670394532648,0.07681334399562534
2.8512,0.9936894174664405,0.9998634603977258,-0.006174042931285317,0.07681099210915576
2.8514,0.9903026602364328,0.9998639759140793,-0.00956131567764651,0.07680866013283838
2.8516,0.9879083141945282,0.9998644816338685,-0.01195616743934036,0.07680634806667364
2.8518,0.9873188454442936,0.9998649776772977,-0.012546132233004048,0.07680405591066153
2.852,0.983621338486426,0.9998654641617702,-0.01624412567534428,0.07680178366480117
2.8522,0.9806455120035333,0.9998659412019535,-0.019220429198420153,0.07679953132909434
2.8524,0.9741615537342871,0.9998664089098366,-0.025704855175549435,0.0767972989035397
2.8526,0.9705528517100784,0.9998668673947908,-0.02931401568471237,0.07679508638813726
2.8528,0.9591024916690573,0.9998673167636227,-0.04076482509456547,0.07679289378288745
2.853,0.9495084107505686,0.9998677571206323,-0.05035934637006367,0.07679072108779028
2.8532,0.9481550047864244,0.9998681885676637,-0.051713183781239236,0.07678856830284575
2.8534,0.9543851804314831,0.9998686112041579,-0.045483430772674804,0.07678643542805386
2.8536,0.9648460460225838,0.9998690251272024,-0.0350229791046186,0.07678432246341371
2.8538,0.9710765262130447,0.9998694304315797,-0.028792904218534976,0.0767822294089271
2.854,0.9740049873189455,0.9998698272098144,-0.025864839890868963,0.07678015626459223
2.8542,0.9751403652735172,0.9998702155522193,-0.024729850278702115,0.07677810303041044
2.8544,0.97102543980178,0.9998705955469387,-0.028845155745158668,0.07677606970638085
2.8546,0.9661231533074324,0.9998709672799934,-0.03374781397256099,0.07677405629250389
2.8548,0.9618137700017858,0.9998713308353199,-0.038057560833534065,0.07677206278877913
2.855,0.9535950508027271,0.9998716862948138,-0.046276635492086715,0.076770089195207
2.8552,0.9468721646121923,0.9998720337383666,-0.05299986912617438,0.07676813551178796
2.8554,0.9472701513435277,0.9998723732439058,-0.05260222190037811,0.07676620173852111
2.8556,0.9569053973598406,0.9998727048874306,-0.04296730752759004,0.07676428787540646
2.8558,0.964760420085183,0.9998730287430486,-0.035112608657865585,0.07676239392244488
2.856,0.9711318310543547,0.9998733448830114,-0.02874151382865664,0.07676051987963506
2.8562,0.977180738076083,0.9998736533777466,-0.02269291530166362,0.07675866574697832
2.8564,0.975513826614195,0.9998739542958923,-0.024360127681697374,0.07675683152447421
2.8566,0.9729949800061372,0.9998742477043282,-0.026879267698191045,0.0767550172121223
2.8568,0.9695596229206311,0.9998745336682071,-0.030314910747575974,0.07675322280992303
2.857,0.9635431198461399,0.9998748122509841,-0.03633169240484413,0.07675144831787639
2.8572,0.9552937035864968,0.9998750835144466,-0.04458137992794986,0.07674969373598195
2.8574,0.9488760694169188,0.999875347518742,-0.05099927810182314,0.07674795906424059
2.8576,0.9536719534011822,0.9998756043224047,-0.04620365092122258,0.07674624430265098
2.8578,0.9647524570180201,0.999875853982384,-0.03512339696436384,0.07674454945121445
2.858,0.9753686127365068,0.999876096554068,-0.024507483817561182,0.07674287450993011
2.8582,0.9800872111858165,0.99987633209131,-0.01978912090549345,0.07674121947879886
2.8584,0.9827279450163612,0.9998765606464515,-0.01714861563009029,0.0767395843578198
2.8586,0.9856008426474125,0.9998767822703469,-0.014275939622934386,0.07673796914699293
2.8588,0.9892737896781836,0.9998769970123852,-0.010603207334201614,0.07673637384631915
2.859,0.9893328192132798,0.9998772049205117,-0.01054438570723193,0.07673479845579756
2.8592,0.9889785789284274,0.9998774060412507,-0.010898827112823306,0.0767332429754286
2.8594,0.986236273973587,0.9998776004197244,-0.013641326446137358,0.07673170740521229
2.8596,0.9908507356288347,0.9998777880996733,-0.00902705247083857,0.07673019174514817
2.8598,0.9912185537818382,0.9998779691234765,-0.008659415341638277,0.07672869599523668
2.86,0.9886560701115252,0.9998781435321688,-0.011222073420643519,0.07672722015547784
2.8602,0.9893331382636229,0.9998783113654595,-0.010545173101836558,0.07672576422587118
2.8604,0.9886933352536214,0.9998784726617497,-0.01118513740812832,0.07672432820641761
2.8606,0.9898475296387644,0.9998786274581489,-0.010031097819384494,0.07672291209711624
2.8608,0.9914662229410938,0.9998787757904913,-0.00841255284939757,0.0767215158979675
2.861,0.9945305186637537,0.9998789176933516,-0.005348399029597828,0.07672013960897095
2.8612,0.991424083247845,0.9998790532000595,-0.008454969952214508,0.07671878323012704
2.8614,0.9932228506953441,0.9998791823427149,-0.006656331647370783,0.07671744676143621
2.8616,0.991200176779777,0.9998793051522012,-0.008679128372424239,0.07671613020289714
2.8618,0.9904423402866593,0.9998794216581994,-0.00943708137154009,0.07671483355451114
2.862,0.9920596700052138,0.9998795318892009,-0.00781986188398709,0.0767135568162769
2.8622,0.992063013312724,0.9998796358725194,-0.007816622559795428,0.07671229998819618
2.8624,0.995810134649066,0.9998797336343035,-0.00406959898523751,0.07671106307026765
2.8626,0.9927402827078935,0.999879825199547,-0.007139542491653494,0.07670984606249132
2.8628,0.9924330033548708,0.9998799105921019,-0.007446907237231071,0.07670864896486762
2.863,0.9916477472548842,0.999879989834687,-0.008232242579802707,0.07670747177739656
2.8632,0.9899971550286581,0.9998800629488982,-0.009882907920240047,0.07670631450007814
2.8634,0.9917936156334374,0.9998801299552192,-0.008086514321781868,0.07670517713291192
2.8636,0.9866821411569321,0.9998801908730292,-0.01319804971609706,0.07670405967589833
2.8638,0.9845012484682006,0.9998802457206124,-0.015378997252411764,0.07670296212903738
2.864,0.9794923077788166,0.9998802945151661,-0.02038798673634956,0.07670188449232906
2.8642,0.9755030363849791,0.9998803372728081,-0.024377300887828968,0.07670082676577294
2.8644,0.9699122695576229,0.9998803740085849,-0.029968104450961985,0.07669978894936946
2.8646,0.964915077761016,0.9998804047364771,-0.034965326975461064,0.07669877104311862
2.8648,0.9599304168391267,0.9998804294694082,-0.03995001263028153,0.07669777304702041
2.865,0.957631254982119,0.9998804482192484,-0.04224919323712939,0.0766967949610744
2.8652,0.9606777809062298,0.9998804609968215,-0.03920268009059169,0.07669583678528102
2.8654,0.9680887903082397,0.9998804678119101,-0.0317916775036704,0.07669489851964029
2.8656,0.9705410042323831,0.9998804686732607,-0.02933946444087765,0.07669398016415174
2.8658,0.9734191695856498,0.9998804635885876,-0.02646129400293784,0.07669308171881584
2.866,0.9732753567303382,0.9998804525645777,-0.026605095834239534,0.07669220318363301
2.8662,0.9701094619239555,0.9998804356068934,-0.029770973682937907,0.07669134455860194
2.8664,0.9663879463040268,0.9998804127201767,-0.03349246641614989,0.07669050584372394
2.8666,0.9595925517651037,0.9998803839080518,-0.040287832142948066,0.07668968703899814
2.8668,0.9562835987610937,0.999880349173128,-0.04359675041203426,0.07668888814442498
2.867,0.9542915911837632,0.9998803085170013,-0.045588717333238105,0.07668810916000446
2.8672,0.9564964950851282,0.9998802619402565,-0.043383766855128236,0.07668735008573613
2.8674,0.9621752166981999,0.9998802094424695,-0.03770499274426953,0.07668661092162044
2.8676,0.9656970408197094,0.9998801510222068,-0.034183110202497424,0.07668589166765738
2.8678,0.9709234359242767,0.9998800866770278,-0.028956650752751112,0.07668519232384696
2.868,0.9726497250210453,0.9998800164034831,-0.02723029138243782,0.07668451289018874
2.8682,0.973587973797628,0.9998799401971168,-0.02629196639948883,0.07668385336668315
2.8684,0.9723174940673851,0.9998798580524652,-0.02756236398508005,0.0766832137533302
2.8686,0.9696389776727843,0.9998797699630547,-0.030240792290270435,0.07668259405012945
2.8688,0.9675801042490211,0.9998796759214027,-0.03229957167238162,0.07668199425708178
2.869,0.9681169551251352,0.9998795759190149,-0.0317626207938797,0.0766814143741863
2.8692,0.9746722103279827,0.9998794699463838,-0.02520725961840109,0.07668085440144345
2.8694,0.9804136209233153,0.9998793579929856,-0.019465737069670253,0.0766803143388528
2.8696,0.9857157214598236,0.9998792400472795,-0.014163518587455903,0.0766797941864148
2.8698,0.9916505115851874,0.9998791160967025,-0.008228604511515192,0.07667929394412987
2.87,0.9958673058439588,0.9998789861276679,-0.004011680283709129,0.07667881361199713
2.8702,0.9956020501564576,0.9998788501255595,-0.004276799969101908,0.07667835319001659
2.8704,0.9973772685045501,0.9998787080747294,-0.0025014395701793424,0.07667791267818869
2.8706,0.9951999152750118,0.9998785599584927,-0.004678644683480893,0.07667749207651342
2.8708,0.9960188356657399,0.9998784057591221,-0.0038595700933822252,0.07667709138499079
2.871,0.999989071024287,0.9998782454578439,0.00011082556644315122,0.0766767106036208
2.8712,0.9979400838149808,0.9998780790348303,-0.0019379952198494976,0.07667634973240256
2.8714,0.9987065872174584,0.9998779064691955,-0.0011713192517370796,0.07667600877133784
2.8716,0.9980261984927731,0.9998777277389883,-0.0018515292462152333,0.07667568772042488
2.8718,0.997022633239732,0.9998775428211847,-0.002854909581452736,0.076675386579665
2.872,0.998227526635029,0.9998773516916817,-0.0016498250566526762,0.0766751053490573
2.8722,0.9995871681320299,0.999877154325288,-0.00028998619325815156,0.07667484402860225
2.8724,1.0005203109778527,0.9998769506957189,0.0006433602821337425,0.07667460261829939
2.8726,0.9980819557113753,0.9998767407755836,-0.0017947850642083818,0.07667438111814917
2.8728,0.9922074916258303,0.9998765245363803,-0.007669032910549989,0.07667417952815203
2.873,0.9870173260509856,0.9998763019484843,-0.012858975897498737,0.07667399784830708
2.8732,0.98385480836196,0.9998760729811395,-0.01602126461917941,0.07667383607861433
2.8734,0.9818028639559355,0.9998758376024467,-0.01807297364651117,0.07667369421907466
2.8736,0.9804739972045018,0.9998755957793546,-0.019401598574852796,0.07667357226968674
2.8738,0.9816894809554841,0.9998753474776481,-0.018185866522163918,0.0766734702304519
2.874,0.983524719621115,0.9998750926619363,-0.01635037304082132,0.0766733881013697
2.8742,0.9815621609079204,0.9998748312956406,-0.01831267038772022,0.07667332588243969
2.8744,0.9838877316413699,0.9998745633409825,-0.01598683169961257,0.07667328357366232
2.8746,0.9836038487587865,0.9998742887589701,-0.016270440000183628,0.07667326117503759
2.8748,0.9814080191512888,0.9998740075093855,-0.018465988358096652,0.07667325868656549
2.875,0.9785660936441012,0.9998737195507698,-0.02130762590666857,0.07667327610824559
2.8752,0.9754009954743313,0.9998734248404085,-0.024472429366077186,0.07667331344007833
2.8754,0.9739665009528177,0.9998731233343177,-0.02590662238149999,0.0766733706820637
2.8756,0.9752959513746132,0.9998728149872274,-0.02457686361261413,0.07667344783420127
2.8758,0.979053500968174,0.9998724997525661,-0.020818998784392084,0.07667354489649147
2.876,0.9837278761253245,0.9998721775824436,-0.016144301457119092,0.07667366186893432
2.8762,0.9836873696915424,0.9998718484276342,-0.016184478736091856,0.0766737987515298
2.8764,0.9880382911231471,0.9998715122375592,-0.011833221114412096,0.07667395554427747
2.8766,0.9864730951641227,0.9998711689602675,-0.013398073796144772,0.07667413224717778
2.8768,0.9868193151995757,0.9998708185424182,-0.013051503342842552,0.07667432886023073
2.877,0.9839619564093371,0.999870460929259,-0.015908504519921873,0.07667454538343632
2.8772,0.9767773060521002,0.999870096064609,-0.023092790012508746,0.0766747818167941
2.8774,0.9728086648877339,0.9998697238908345,-0.02706105900310063,0.07667503816030452
2.8776,0.9779330049840927,0.9998693443488302,-0.02193633936473749,0.07667531441396758
2.8778,0.9830312200150384,0.9998689573779961,-0.016837737362957683,0.07667561057778327
2.878,0.9890332858942119,0.9998685629162144,-0.010835277022002487,0.07667592665175116
2.8782,0.993162176572856,0.9998681608998269,-0.006705984326970893,0.07667626263587168
2.8784,0.9930542366815519,0.9998677512636097,-0.006813514582057811,0.07667661853014485
2.8786,0.999223314733803,0.9998673339407494,-0.0006440192069464556,0.07667699433457065
2.8788,0.9959891238248701,0.999866908862817,-0.0038777850379468903,0.07667739004914864
2.879,0.9981923725439011,0.9998664759597413,-0.001674103415840178,0.07667780567387927
2.8792,0.9987033425071921,0.9998660351597818,-0.0011626926525897252,0.0766782412087621
2.8794,0.9987361583029363,0.9998655863895012,-0.0011294280865649098,0.076678696653798
2.8796,0.9999440554872512,0.9998651295737357,7.892591351543743e-05,0.07667917200898655
2.8798,0.9993176408173301,0.9998646646355666,-0.0005470238182364584,0.07667966727432685
2.88,1.0016874094906256,0.9998641914962884,0.0018232179943372673,0.07668018244982022
2.8802,1.0002209595178964,0.9998637100753784,0.00035724944251791513,0.07668071753546579
2.8804,1.0015052684834749,0.9998632202904643,0.0016420481930106146,0.07668127253126444
2.8806,1.0013169445083223,0.9998627220572902,0.0014542224510321056,0.07668184743721529
2.8808,1.0013608385605672,0.9998622152896838,0.001498623270883459,0.07668244225331833
2.881,0.9994671946149452,0.9998616998995198,-0.0003945052845746311,0.07668305697957445
2.8812,0.9997301395748719,0.9998611757966842,-0.00013103622181231955,0.07668369161598232
2.8814,1.0002640348103657,0.9998606428890383,0.00040339192132743396,0.07668434616254372
2.8816,0.9996611541699485,0.9998601010823783,-0.00019894691242983154,0.0766850206192573
2.8818,1.0009306612356048,0.9998595502803979,0.0010711109552069553,0.07668571498612264
2.882,1.0003918391323743,0.9998589903846464,0.0005328487477278543,0.07668642926314151
2.8822,1.0005888934338205,0.9998584212944881,0.0007304721393324165,0.07668716345031212
2.8824,1.0000883085041046,0.9998578429070583,0.0002304655970463143,0.07668791754763582
2.8826,1.000543127155841,0.9998572551172209,0.0006858720386200279,0.07668869155511215
2.8828,0.9992930156196883,0.9998566578175216,-0.0005636421978333361,0.07668948547274024
2.883,0.9964025976309524,0.9998560508981418,-0.003453453267189377,0.0766902993005214
2.8832,0.9957202466215072,0.9998554342468511,-0.004135187625343928,0.07669113303845476
2.8834,0.9961740558125948,0.9998548077489576,-0.0036807519363628582,0.0766919866865412
2.8836,0.9968987803225754,0.9998541712872571,-0.00295539096468167,0.07669286024477984
2.8838,0.9910761452971305,0.999853524741981,-0.008777379444850464,0.07669375371317111
2.884,0.9866867583527005,0.9998528679907431,-0.013166109638042656,0.07669466709171457
2.8842,0.9783458215879396,0.999852200908484,-0.021506379320544444,0.07669560038041068
2.8844,0.9667249570382093,0.9998515233674138,-0.03312656632920452,0.07669655357925942
2.8846,0.9685721269517248,0.9998508352369555,-0.031278708285230716,0.0766975266882608
2.8848,0.9742540338419922,0.9998501363836825,-0.025596102541690313,0.07669851970741437
2.885,0.9789283714211404,0.9998494266712583,-0.020921055250117893,0.07669953263672102
2.8852,0.982014125441904,0.999848705960373,-0.01783458051846898,0.07670056547617943
2.8854,0.9831110839181209,0.9998479741086769,-0.01673689019055602,0.07670161822579091
2.8856,0.9857959175682628,0.9998472309707136,-0.014051313402450805,0.07670269088555504
2.8858,0.9867244294058712,0.9998464763978507,-0.013122046991979497,0.07670378345547135
2.886,0.9853544105508111,0.9998457102382091,-0.01449129968739804,0.07670489593554031
2.8862,0.9788325616119721,0.9998449323365876,-0.02101237072461548,0.07670602832576146
2.8864,0.9724784974221768,0.9998441425343895,-0.027365645112212622,0.07670718062613568
2.8866,0.967583307674901,0.999843340669544,-0.03226003299464297,0.07670835283666211
2.8868,0.9701504152298791,0.9998425265764255,-0.029692111346546368,0.07670954495734073
2.887,0.9783590870860819,0.9998417000857709,-0.02148261299968901,0.07671075698817242
2.8872,0.9860250104279973,0.9998408610245967,-0.0138158505965994,0.07671198892915632
2.8874,0.989352635910111,0.9998400092161088,-0.010487373305997805,0.07671324078029329
2.8876,0.9892975049163709,0.9998391444796144,-0.010541639563243499,0.07671451254158246
2.8878,0.9951676570993955,0.9998382666304285,-0.004670609531033043,0.07671580421302382
2.888,0.9921427419179021,0.9998373754797782,-0.007694633561876163,0.07671711579461782
2.8882,0.9903956866699535,0.999836470834704,-0.009440784164750471,0.07671844728636446
2.8884,0.9816388501823221,0.9998355524979591,-0.01819670231563697,0.07671979868826373
2.8886,0.9744311216509693,0.9998346202679048,-0.02540349861693547,0.07672117000031564
2.8888,0.9695598440791898,0.9998336739384017,-0.030273829859211898,0.0767225612225193
2.889,0.9773257132954986,0.9998327132986997,-0.02250700000320116,0.07672397235487649
2.8892,0.9829095801135903,0.999831738133324,-0.016922158019733735,0.07672540339738543
2.8894,0.9878992228820799,0.9998307482219552,-0.011931525339875293,0.07672685435004745
2.8896,0.993520889851552,0.99982974333931,-0.006308853487758004,0.07672832521286166
2.8898,0.9941598597623342,0.9998287232550138,-0.005668863492679588,0.07672981598582851
2.89,0.9957278548526488,0.9998276877334734,-0.004099832880824605,0.07673132666894755
2.8902,0.9945205674303402,0.9998266365337419,-0.0053060691034017005,0.07673285726221923
2.8904,0.997159219120921,0.9998255694093819,-0.0026663502884609613,0.076734407765644
2.8906,0.9952286833936429,0.9998244861083235,-0.00459580271468063,0.07673597817922095
2.8908,0.9969374631066406,0.9998233863727187,-0.002885923266078172,0.0767375685029501
2.891,0.9986201014203802,0.999822269938788,-0.0012021685184078201,0.07673917873683234
2.8912,0.9941723148397941,0.999821136536668,-0.0056488216968739735,0.07674080888086632
2.8914,0.9992097715354907,0.999819985890247,-0.0006102143547562777,0.07674245893505383
2.8916,0.9964650937569983,0.9998188177170019,-0.0033537239600035518,0.07674412889939308
2.8918,0.9991144088632675,0.9998176317278241,-0.0007032228645565963,0.07674581877388498
2.892,0.9957886413798288,0.9998164276268444,-0.004027786247015608,0.07674752855852995
2.8922,0.9965662499294328,0.9998152051112497,-0.0032489551818168927,0.07674925825332668
2.8924,0.9970080672661276,0.999813963871093,-0.002805896604965441,0.07675100785827649
2.8926,0.9986238196856424,0.9998127035891002,-0.001188883903457838,0.07675277737337849
2.8928,0.9972586106322026,0.9998114239404672,-0.002552813308264623,0.07675456679863313
2.893,0.9988608613091473,0.9998101245926515,-0.0009492632835041981,0.0767563761340404
2.8932,0.9983080531380698,0.9998088052051584,-0.001500752067088551,0.07675820537959988
2.8934,0.9999999999999989,0.9998074654293165,0.0001925345706823567,0.07676005453531198
2.8936,0.9972533475386216,0.9998061049080502,-0.0025527573694286154,0.07676192360117717
2.8938,0.9972030042999098,0.9998047232756392,-0.0026017189757293613,0.07676381257719411
2.894,0.9960686978594171,0.9998033201574745,-0.003734622298057433,0.07676572146336413
2.8942,0.9965210066771092,0.9998018951698036,-0.003280888492694367,0.0767676502596859
2.8944,0.9963925061741807,0.9998004479194664,-0.003407941745285692,0.07676959896616076
2.8946,1.0007014542833206,0.9997989780036244,0.000902476279696196,0.07677156758278825
2.8948,1.0032297265866936,0.9997974850094783,0.0034322415772153336,0.07677355610956793
2.895,1.0017329255206169,0.9997959685139767,0.0019369570066402053,0.0767755645465007
2.8952,1.0028673964315773,0.9997944280835127,0.0030729683480645864,0.07677759289358566
2.8954,1.0019248184262082,0.9997928632736145,0.0021319551525936786,0.07677964115082281
2.8956,1.0004531890344885,0.999791273628619,0.0006619154058695731,0.07678170931821304
2.8958,1.0022446339278082,0.9997896586813371,0.0024549752464710917,0.07678379739575503
2.896,1.0029136052067706,0.9997880179527081,0.003125587254062534,0.07678590538345009
2.8962,0.9999451772575775,0.9997863509514383,0.00015882630613917037,0.0767880332812978
2.8964,1.0000848721111004,0.9997846571736285,0.00030021493747189876,0.0767901810892977
2.8966,0.9990893813298686,0.9997829361023879,-0.0006935547725193114,0.07679234880745023
2.8968,1.0001829102262108,0.9997811872074327,0.00040172301877805516,0.0767945364357554
2.897,1.00121163691884,0.999779409944672,0.001432226974168005,0.07679674397421277
2.8972,0.9995061585960551,0.9997776037557758,-0.00027144515972077343,0.07679897142282321
2.8974,1.0005214312615522,0.9997757680677282,0.0007456631938240754,0.07680121878158586
2.8976,0.9984802862640146,0.999773902292364,-0.0012936160283493203,0.07680348605050114
2.8978,1.0002171057006477,0.9997720058258874,0.0004450998747602686,0.07680577322956861
2.898,1.0000968029986355,0.9997700780483721,0.00032672495026331294,0.07680808031878872
2.8982,1.0016395445081492,0.9997681183232433,0.0018714261849058778,0.07681040731816147
2.8984,1.0004098568986437,0.9997661259967386,0.0006437309019050597,0.07681275422768685
2.8986,0.9990768416248895,0.999764100397349,-0.0006872587724594537,0.07681512104736443
2.8988,0.9973439800007433,0.9997620408352375,-0.00241806083449414,0.07681750777719465
2.899,0.9983570009045172,0.9997599466016361,-0.0014029456971189624,0.0768199144171775
2.8992,1.0007620100562864,0.9997578169682163,0.0010041930880700933,0.076822340967313
2.8994,1.0039400886244576,0.9997556511864395,0.004184437438018107,0.07682478742760068
2.8996,1.000221050031471,0.9997534484868761,0.0004676015445949089,0.076827253798041
2.8998,0.9984871327380105,0.9997512080785012,-0.0012640753404906668,0.07682974007863397
2.9,1.001651308873596,0.9997489291479603,0.0019023797256357833,0.07683224626937957
2.9002,1.0027140003453026,0.9997466108588051,0.0029673894864974404,0.07683477237027736
2.9004,0.9982468722736628,0.9997442523506995,-0.001497380077036703,0.07683731838132779
2.9006,1.0005464146278997,0.9997418527385907,0.0008045618893089967,0.07683988430253086
2.9008,0.999894102501072,0.9997394111118484,0.0001546913892236379,0.07684247013388612
2.901,0.9975790295802027,0.9997369265333667,-0.002157896953163929,0.07684507587539446
2.9012,0.9986017212947857,0.999734398038628,-0.0011326767438422092,0.076847701527055
2.9014,0.9975492662130746,0.9997318246347299,-0.0021825584216552674,0.07685034708886773
2.9016,0.99761776145301,0.9997292052993683,-0.0021114438463583074,0.07685301256083354
2.9018,0.9977633105065605,0.9997265389797771,-0.001963228473216616,0.07685569794295155
2.902,0.9972643050252894,0.999723824591625,-0.0024595195663356106,0.0768584032352222
2.9022,0.9982211108757166,0.9997210610178608,-0.001499950142144213,0.07686112843764548
2.9024,0.9977216076543005,0.9997182471075124,-0.0019966394532119347,0.07686387355022095
2.9026,0.9987293491862032,0.9997153816744287,-0.0009860324882255966,0.07686663857294951
2.9028,0.9998011786247579,0.9997124634959702,8.87151287877197e-05,0.07686942350582981
2.903,0.9993524300107719,0.9997094913116392,-0.0003570613008673229,0.0768722283488632
2.9032,0.9967391238168598,0.999706463821648,-0.002967340004788155,0.07687505310204923
2.9034,1.0000130316649458,0.999703379685424,0.0003096519795218189,0.07687789776538745
2.9036,0.9988292759343735,0.9997002375200474,-0.0008709615856739017,0.0768807623388783
2.9038,0.9988433282836751,0.9996970358986148,-0.0008537076149397471,0.07688364682252136
2.904,0.9967317559707727,0.9996937733485303,-0.0029620173777575864,0.07688655121631749
2.9042,0.9976727664500218,0.9996904483497161,-0.0020176818996943124,0.07688947552026582
2.9044,0.9977891257155035,0.9996870593327392,-0.0018979336172356698,0.07689241973436634
2.9046,0.9958702535111505,0.9996836046768502,-0.0038133511656996966,0.07689538385861994
2.9048,0.9968748094990868,0.9996800827079304,-0.002805273208843606,0.07689836789302573
2.905,0.9968229907576709,0.9996764916963375,-0.0028535009386666532,0.07690137183758416
2.9052,0.9965777478426934,0.9996728298546529,-0.0030950820119595157,0.07690439569229524
2.9054,0.9964610412893323,0.9996690953353136,-0.0032080540459812346,0.07690743945715894
2.9056,0.9989967456174732,0.9996652862281329,-0.0006685406106596847,0.07691050313217485
2.9058,0.9962912645913757,0.9996614005576989,-0.0033701359663231845,0.07691358671734339
2.906,0.9977961797337557,0.9996574362806405,-0.0018612565468848485,0.07691669021266456
2.9062,0.9955024630545243,0.9996533912827598,-0.004150928228235484,0.07691981361813838
2.9064,0.9958866554845595,0.9996492633760202,-0.0037626078914607675,0.07692295693376394
2.9066,0.9981759660146743,0.9996450502953785,-0.001469084280704247,0.07692612015954303
2.9068,0.9956757603813126,0.999640749695459,-0.003964989314146461,0.07692930329547387
2.907,0.9987882657241827,0.9996363591470517,-0.0008480934228690673,0.0769325063415578
2.9072,0.997060092595393,0.9996318761334313,-0.0025717835380383303,0.07693572929779391
2.9074,0.9969537068373913,0.999627298046483,-0.002673591209091719,0.07693897216418266
2.9076,0.995958926340577,0.9996226221826204,-0.003663695842043402,0.07694223494072361
2.9078,0.996572863813495,0.9996178457384903,-0.0030449819249953602,0.07694551762741719
2.908,0.999696253215932,0.9996129658064428,8.328740948926328e-05,0.07694882022426386
2.9082,0.9958950441140196,0.9996079793697569,-0.0037129352557372375,0.07695214273126272
2.9084,0.9962121341987928,0.9996028832976063,-0.003390749098813428,0.07695548514841377
2.9086,0.9966962346147744,0.9995976743397442,-0.002901439724969812,0.0769588474757179
2.9088,1.0000110681411032,0.9995923491208971,0.0004187190202060709,0.07696222971317379
2.909,0.9989631785387236,0.9995869041348383,-0.000623725596114677,0.0769656318607832
2.9092,0.9979537250126862,0.9995813357381305,-0.0016276107254442618,0.07696905391854436
2.9094,0.9965967047028103,0.9995756401435081,-0.0029789354406978275,0.07697249588645816
2.9096,0.997336712616496,0.9995698134128788,-0.0022331007963827254,0.07697595776452504
2.9098,0.9981664540232188,0.9995638514499177,-0.0013973974266988654,0.07697943955274367
2.91,1.0003466735049715,0.999557749992227,0.0007889235127445104,0.07698294125111538
2.9102,1.000764028615968,0.9995515046030299,0.0012125240129381432,0.07698646285963928
2.9104,0.9969617959180272,0.9995451106623692,-0.0025833147443419247,0.07699000437831582
2.9106,0.9958351801868436,0.9995385633577726,-0.0037033831709289977,0.076993565807145
2.9108,0.9951200113943232,0.9995318576743507,-0.004411846280027554,0.07699714714612682
2.911,0.9958451843910137,0.999524988384283,-0.0036798039932693927,0.07700074839526083
2.9112,0.997791854578596,0.9995179500356532,-0.001726095457057264,0.07700436955454748
2.9114,0.9968572901330733,0.9995107369405817,-0.0026534468075083417,0.07700801062398632
2.9116,0.9939678256334827,0.9995033431626053,-0.005535517529122513,0.07701167160357825
2.9118,0.995694924820353,0.999495762503251,-0.0038008376828979618,0.07701535249332236
2.912,0.9939239967458486,0.9994879884877399,-0.005563991741891261,0.07701905329321912
2.9122,0.9959718732179674,0.9994800143497554,-0.0035081411317879896,0.07702277400326851
2.9124,0.9961678003577205,0.9994718330152094,-0.003304032657488909,0.0770265146234701
2.9126,0.9967877308208435,0.9994634370849206,-0.0026757062640770934,0.07703027515382432
2.9128,0.9967388135376332,0.9994548188161303,-0.0027160052784971356,0.07703405559433119
2.913,0.9973709956179853,0.9994459701027534,-0.0020749744847681217,0.07703785594499024
2.9132,0.9942363237963786,0.999436882454272,-0.005200558657893373,0.07704167620580238
2.9134,0.9961663492988502,0.9994275469731587,-0.003261197674308547,0.07704551637676671
2.9136,0.9947667957876147,0.9994179543307091,-0.004651158543094391,0.07704937645788368
2.9138,0.9984055533922859,0.9994080947411556,-0.0010025413488696788,0.07705325644915328
2.914,0.9950519359535266,0.9993979579339151,-0.00434602198038847,0.07705715635057464
2.9142,0.9939217678532318,0.9993875331238172,-0.005465765270585399,0.07706107616214952
2.9144,0.9963897859095978,0.9993768089791379,-0.002987023069540129,0.07706501588387615
2.9146,0.9930745640812838,0.9993657735872526,-0.006291209505968842,0.07706897551575587
2.9148,0.9950921135100268,0.999354414417697,-0.004262300907670213,0.07707295505778777
2.915,0.9981756789533575,0.9993427182824078,-0.0011670393290503789,0.07707695450997232
2.9152,0.9956567155398817,0.9993306712928967,-0.0036739557530149902,0.0770809738723095
2.9154,0.9943069114156874,0.9993182588140698,-0.005011347398382382,0.07708501314479888
2.9156,0.9939976122441829,0.9993054654143951,-0.005307853170212207,0.07708907232744133
2.9158,0.9954609032787308,0.9992922748120739,-0.0038313715333431198,0.07709315142023598
2.916,0.9944830805546935,0.9992786698168408,-0.004795589262147293,0.07709725042318283
2.9162,0.9936592465751489,0.9992646322669785,-0.005605385691829556,0.07710136933628275
2.9164,0.9931820436220851,0.999250142961087,-0.006068099339001987,0.07710550815953443
2.9166,0.9953889748742469,0.999235181584089,-0.003846206709842037,0.07710966689293963
2.9168,0.9928434884058243,0.9992197266269085,-0.0063762382210842405,0.07711384553649703
2.917,0.9947671541828733,0.9992037552991815,-0.00443660111630817,0.07711804409020662
2.9172,0.9942632849305162,0.9991872434342962,-0.004923958503780024,0.07712226255406884
2.9174,0.9954670573325041,0.9991701653859645,-0.0037031080534604133,0.07712650092808326
2.9176,0.9946802066150626,0.9991524939154455,-0.004472287300382849,0.07713075921225077
2.9178,0.9905420756151071,0.9991342000684253,-0.00859212445331825,0.0771350374065709
2.918,0.9912828887958449,0.9991152530404414,-0.007832364244596435,0.07713933551104324
2.9182,0.9949761195482305,0.9990956200295978,-0.004119500481367333,0.07714365352566821
2.9184,0.9949715228116773,0.999075266075169,-0.0041037432634917215,0.07714799145044537
2.9186,0.9955186446287673,0.9990541538804909,-0.003535509251723634,0.07715234928537518
2.9188,0.9939218531541397,0.999032243618358,-0.00511039046421824,0.07715672703045806
2.919,0.9958803270724867,0.999009492716886,-0.0031291656443992455,0.0771611246856927
2.9192,0.9959901625850746,0.9989858556235365,-0.002995693038461922,0.07716554225108041
2.9194,0.9952655386369496,0.9989612835446927,-0.0036957449077431592,0.07716997972662032
2.9196,0.993398608947101,0.9989357241577986,-0.005537115210697663,0.07717443711231287
2.9198,0.9925582155035721,0.9989091212926701,-0.006350905789097916,0.07717891440815805
2.92,0.9940273260327356,0.9988814145780919,-0.004854088545356294,0.07718341161415543
2.9202,0.9947646583316245,0.9988525390492504,-0.004087880717625891,0.07718792873030544
2.9204,0.998131787759837,0.9988224247108977,-0.0006906369510606414,0.0771924657566081
2.9206,0.9962126348430284,0.9987909960503681,-0.0025783612073397855,0.07719702269306339
2.9208,0.9942036530216771,0.998758171493673,-0.004554518471995839,0.07720159953967132
2.921,0.9919252724392146,0.998723862796832,-0.006798590357617429,0.077206196296431
2.9212,0.9937258632401467,0.9986879743633648,-0.004962111123218094,0.07721081296334376
2.9214,0.9933455393829379,0.9986504024773794,-0.005304863094441448,0.07721544954040915
2.9216,0.9912592323240083,0.9986110344399615,-0.00735180211595321,0.07722010602762674
2.9218,0.9913274518021381,0.9985697475944835,-0.007242295792345366,0.07722478242499742
2.922,0.9910106933335145,0.9985264082239846,-0.007515714890470093,0.07722947873251984
2.9222,0.9888087340261222,0.9984808703008133,-0.009672136274691101,0.07723419495019535
2.9224,0.98973541437889,0.9984329740651694,-0.008697559686279388,0.07723893107802304
2.9226,0.9901360465218968,0.9983825444049,-0.008246497883003245,0.07724368711600338
2.9228,0.9880235262890746,0.9983293890037416,-0.010305862714666936,0.07724846306413635
2.923,0.9901928450115535,0.9982732962188973,-0.008080451207343797,0.07725325892242152
2.9232,0.9901952180807976,0.9982140326412049,-0.008018814560407317,0.07725807469085977
2.9234,0.9913509785844987,0.9981513402817618,-0.006800361697263058,0.07726291036945021
2.9236,0.9890456274739441,0.9980849333173683,-0.009039305843424161,0.07726776595819329
2.9238,0.9903674210166878,0.9980144943129207,-0.00764707329623282,0.07727264145708856
2.924,0.9926884268757721,0.9979396698212465,-0.00525124294547441,0.07727753686613648
2.9242,0.9925483998187459,0.9978600652388664,-0.005311665420120515,0.07728245218533747
2.9244,0.9918186819529323,0.9977752387686051,-0.005956556815672753,0.07728738741469021
2.9246,0.9899868518660465,0.9976846943052313,-0.00769784243918481,0.07729234255419604
2.9248,0.9893850067804825,0.9975878730162777,-0.008202866235795248,0.07729731760385405
2.925,0.9900257214025949,0.9974841433340867,-0.007458421931491821,0.07730231256366471
2.9252,0.9886804101890344,0.9973727890031485,-0.00869237881411411,0.07730732743362756
2.9254,0.9885135443316274,0.9972529947338722,-0.008739450402244775,0.07731236221374349
2.9256,0.9894096107828537,0.9971238288931533,-0.007714218110299598,0.07731741690401162
2.9258,0.9882303479637597,0.9969842225039459,-0.008753874540186168,0.07732249150443238
2.926,0.99063709513649,0.9968329436174166,-0.00619584848092658,0.07732758601500533
2.9262,0.9883560223170685,0.9966685658438259,-0.008312543526757366,0.07733270043573137
2.9264,0.9889435046412435,0.9964894294562064,-0.007545924814962968,0.0773378347666096
2.9266,0.9919251860146597,0.9962935929774902,-0.004368406962830473,0.07734298900764047
2.9268,0.9893364190131052,0.9960787724741836,-0.006742353461078432,0.07734816315882398
2.927,0.987144645614212,0.9958422648312086,-0.008697619216996633,0.07735335722015924
2.9272,0.9867580519293057,0.995580849960382,-0.008822798031076329,0.07735857119164802
2.9274,0.9852191181396794,0.9952906650311996,-0.010071546891520122,0.077363805073289
2.9276,0.9844993821794182,0.9949670411541343,-0.010467658974716021,0.07736905886508216
2.9278,0.9846882763004275,0.9946042891068986,-0.00991601280647103,0.07737433256702841
2.928,0.9855040383383993,0.9941954150740854,-0.008691376735686096,0.07737962617912642
2.9282,0.9854491682046203,0.9937317390284697,-0.008282570823849422,0.0773849397013775
2.9284,0.9849205572048957,0.9932023758140899,-0.008281818609194191,0.07739027313378122
2.9286,0.9838159334935176,0.99259351975713,-0.008777586263612358,0.07739562647633713
2.9288,0.9836836591058881,0.991887443707153,-0.008203784601264918,0.07740099972904568
2.929,0.9861740214014215,0.9910610760551681,-0.004887054653746614,0.07740639289190643
2.9292,0.9840964673923773,0.9900839430066719,-0.0059874756142945795,0.07741180596492026
2.9294,0.9833877704354249,0.988915138391465,-0.005527367956040141,0.07741723894808628
2.9296,0.9818474531894604,0.9874987750189348,-0.005651321829474365,0.07742269184140493
2.9298,0.9801919827493651,0.9857570196881557,-0.005565036938790513,0.07742816464487623
2.93,0.9749425077423458,0.9835792146402047,-0.008636706897858892,0.07743365735849972
2.9302,0.9742975964504849,0.9808045728876851,-0.006506976437200218,0.07743916998227585
2.9304,0.973754831975834,0.977194276120592,-0.0034394441447579416,0.07744470251620461
2.9306,0.9681609317754126,0.9723864112206727,-0.004225479445260083,0.07745025496028601
2.9308,0.9659559631647943,0.9658252040378134,0.00013075912698090608,0.07745582731451961
2.931,0.9618204678803356,0.9566617828730702,0.005158685007265351,0.07746141957890584
2.9312,0.9482631624919791,0.9436702671593029,0.00459289533267615,0.07746703175344472
2.9314,0.9343240746010858,0.925430341166327,0.008893733434758744,0.07747266383813622
2.9316,0.9118224232884866,0.9016627128991458,0.010159710389340826,0.07747831583297993
2.9318,0.8803127408160961,0.8771629870983724,0.0031497537177237467,0.07748398773797627
2.932,0.8611536502686351,0.8647179650731137,-0.0035643148044786077,0.07748967955312525
2.9322,0.8746751077053972,0.8731566214257109,0.0015184862796863152,0.07749539127842642
2.9324,0.9011265455933113,0.8935640017805662,0.007562543812745126,0.07750112291388067
2.9326,0.9169681701311847,0.9127718490980565,0.00419632103312817,0.07750687445948667
2.9328,0.9306990064345415,0.9254705528845135,0.005228453550027989,0.07751264591524576
2.933,0.9336957146217749,0.9313106387249559,0.002385075896819022,0.07751843728115748
2.9332,0.9339067750432387,0.9308354638911432,0.0030713111520954683,0.0775242485572214
2.9334,0.9301959205808992,0.9240520052268454,0.006143915354053786,0.07753007974343795
2.9336,0.9120900816781585,0.9104913940137837,0.001598687664374876,0.07753593083980714
2.9338,0.8906787584223437,0.8908145604383408,-0.00013580201599716624,0.07754180184632853
2.934,0.8640342696897607,0.8709268962681727,-0.006892626578411942,0.07754769276300255
2.9342,0.853982113849595,0.8636520005926892,-0.009669886743094214,0.07755360358982921
2.9344,0.8701592748478694,0.8753949166715306,-0.005235641823661208,0.07755953432680851
2.9346,0.8972378215175725,0.8961198531231391,0.001117968394433344,0.07756548497394
2.9348,0.918553938119832,0.9142760712378561,0.004277866881975845,0.07757145553122458
2.935,0.928427942710578,0.9258423800135298,0.002585562697048238,0.0775774459986609
2.9352,0.934457828157679,0.9307546321201609,0.0037031960375181194,0.0775834563762503
2.9354,0.9349978881973496,0.9294326825819668,0.005565205615382873,0.07758948666399235
2.9356,0.9255950082597563,0.9216910095715124,0.0039039986882438704,0.07759553686188614
2.9358,0.9078978589685908,0.9070004434885417,0.0008974154800490686,0.07760160696993301
2.936,0.8841288675682395,0.886508618438276,-0.002379750870036501,0.07760769698813208
2.9362,0.8608227564444157,0.8676376486386204,-0.006814892194204614,0.07761380691648423
2.9364,0.8580370453843938,0.8642924733465195,-0.006255427962125637,0.07761993675498857
2.9366,0.8819674012060726,0.8809082575132643,0.0010591436928083509,0.07762608650364555
2.9368,0.9076159647728362,0.9055941276126241,0.002021837160212092,0.07763225616245473
2.937,0.9303900557167144,0.9274050324697931,0.0029850232469212923,0.07763844573141654
2.9372,0.9434918049377089,0.9433996907209027,9.211421680621612e-05,0.07764465521053143
2.9374,0.9553157925369904,0.954363754148122,0.0009520383888683703,0.07765088459979852
2.9376,0.960174397280867,0.961637525904147,-0.001463128623280019,0.0776571338992178
2.9378,0.9668810349809155,0.9662305665739632,0.0006504684069522648,0.07766340310878972
2.938,0.9684731409235335,0.9687857850351771,-0.0003126441116435563,0.07766969222851428
2.9382,0.970867995777275,0.969820528066316,0.0010474677109589825,0.07767600125839147
2.9384,0.9745498658813052,0.970173104034473,0.004376761846832222,0.07768233019842086
2.9386,0.9739730518371809,0.9711425580045382,0.0028304938326426665,0.07768867904860288
2.9388,0.9749894525799411,0.9733038112424186,0.00168564133752247,0.07769504780893755
2.939,0.9740935498707424,0.9758190303362073,-0.0017254804654649458,0.0777014364794244
2.9392,0.9746377143547382,0.9777952571941433,-0.0031575428394050586,0.07770784506006434
2.9394,0.9733719187702733,0.9789615869298574,-0.00558966815958406,0.07771427355085692
2.9396,0.9744762348417425,0.9793425392478015,-0.004866304406058952,0.07772072195180124
2.9398,0.9730317800918054,0.9789804836284556,-0.005948703536650224,0.07772719026289865
2.94,0.9717784262499771,0.9778533030885737,-0.006074876838596532,0.07773367848414825
2.9402,0.9742959423232742,0.9758985531247489,-0.0016026108014747242,0.07774018661555049
2.9404,0.9736663800680099,0.9731773510930563,0.0004890289749536203,0.07774671465710536
2.9406,0.9736990199889655,0.9702241662833794,0.0034748537055860895,0.07775326260881243
2.9408,0.9732856331906281,0.9679818999561306,0.00530373323449751,0.07775983047067259
2.941,0.9703377501768347,0.9665154509869175,0.0038222991899171666,0.07776641824268493
2.9412,0.9681923721936457,0.9646154835065677,0.0035768886870780614,0.07777302592484991
2.9414,0.9609156745399918,0.9610906202663722,-0.00017494572638032668,0.07777965351716709
2.9416,0.9550914214507314,0.9551289495402207,-3.752808948920272e-05,0.0777863010196369
2.9418,0.9462125012683918,0.9458488292414672,0.00036367202692466627,0.0777929684322598
2.942,0.9343815447254851,0.9319843071117707,0.0023972376137143536,0.07779965575503489
2.9422,0.9170026625791164,0.912050274930063,0.00495238764905348,0.07780636298796217
2.9424,0.8899280978500455,0.8858914769014785,0.004036620948566938,0.0778130901310421
2.9426,0.8572583248940133,0.8591164188629717,-0.0018580939689584186,0.07781983718427465
2.9428,0.8407807302113367,0.8459848612243823,-0.005204131013045621,0.07782660414765985
2.943,0.8523374291140794,0.8557504530061586,-0.0034130238920792033,0.07783339102119724
2.9432,0.8770858400382896,0.8783107284532599,-0.00122488841497026,0.07784019780488727
2.9434,0.9012444769838464,0.8992933305909746,0.0019511463928717498,0.07784702449872993
2.9436,0.9143822929186077,0.9128756397726262,0.001506653145981529,0.07785387110272479
2.9438,0.9180794444693794,0.9185960678454456,-0.000516623376066172,0.07786073761687273
2.944,0.9160141331569902,0.916926222519834,-0.0009120893628438154,0.07786762404117287
2.9442,0.9079208200852826,0.9076997515454098,0.00022106853987280406,0.07787453037562564
2.9444,0.8930254116613393,0.8902452329960892,0.0027801786652501548,0.07788145662023105
2.9446,0.8664979139188196,0.8654670102922847,0.001030903626534907,0.07788840277498865
2.9448,0.8413480638495981,0.8410197312312495,0.0003283326183486368,0.07789536883989889
2.945,0.8348143914835746,0.832880378067283,0.0019340134162916245,0.07790235481496177
2.9452,0.8524088565996103,0.8481845530631715,0.004224303536438767,0.07790936070017684
2.9454,0.8777153600996416,0.8739971322692182,0.003718227830423415,0.077916386495545
2.9456,0.8967512367316722,0.8963219962044126,0.00042924052725967776,0.0779234322010649
2.9458,0.9095562980324204,0.9104758641411134,-0.0009195661086929263,0.07793049781673789
2.946,0.916704056943601,0.9164624127399946,0.00024164420360639483,0.07793758334256351
2.9462,0.9148162192280928,0.9147997034129041,1.6515815188689054e-05,0.07794468877854133
2.9464,0.9035776328523817,0.9052516255694685,-0.0016739927170867919,0.07795181412467178
2.9466,0.8871450155416286,0.8872059267011104,-6.091115948181347e-05,0.07795895938095487
2.9468,0.8608706415351152,0.8622597662005406,-0.0013891246654254008,0.07796612454739016
2.947,0.8385891447936894,0.8398711019929014,-0.0012819571992119805,0.07797330962397853
2.9472,0.8382703579660153,0.8369505355588354,0.0013198224071799824,0.07798051461071864
2.9474,0.8606574422105406,0.8579594309283866,0.002698011282154078,0.07798773950761184
2.9476,0.8931223179518406,0.8880346582313432,0.005087659720497406,0.07799498431465723
2.9478,0.916985221951341,0.9142404405059354,0.0027447814454055752,0.07800224903185571
2.948,0.9329214044497238,0.9332600229982785,-0.0003386185485546589,0.07800953365920638
2.9482,0.9438400874188563,0.946065233583301,-0.0022251461644446913,0.07801683819670924
2.9484,0.9478513861570043,0.9541906229555274,-0.006339236798523107,0.07802416264436518
2.9486,0.95624042789802,0.9587229802166495,-0.002482552318629483,0.07803150700217287
2.9488,0.9598305224364614,0.9603258087541061,-0.0004952863176447275,0.07803887127013365
2.949,0.9633562457008326,0.9597642874661395,0.003591958234693049,0.07804625544824706
2.9492,0.9636582029745612,0.9589027539057828,0.004755449068778339,0.07805365953651267
2.9494,0.967918259756879,0.9606489322133696,0.007269327543509396,0.07806108353493135
2.9496,0.9707944867414483,0.9657816343985519,0.00501285234289639,0.07806852744350179
2.9498,0.974633959160725,0.9720069094723199,0.002627049688405103,0.07807599126222531
2.95,0.9772040930925352,0.9773827771612972,-0.00017868406876198062,0.07808347499110102
2.9502,0.9786828041409096,0.9814736710704958,-0.0027908669295861888,0.07809097863012937
2.9504,0.9784617125174965,0.9844984566036569,-0.006036744086160395,0.07809850217931036
2.9506,0.9786968899664792,0.9867581746633013,-0.008061284696822102,0.07810604563864354
2.9508,0.9792614175535133,0.9884857522846311,-0.009224334731117834,0.0781136090081298
2.951,0.9793311664913162,0.9898401934865899,-0.010509026995273674,0.07812119228776826
2.9512,0.9782090902168706,0.9909272632767656,-0.012718173059894977,0.07812879547755891
2.9514,0.9778474806798051,0.9918178638744488,-0.01397038319464372,0.07813641857750264
2.9516,0.9773462817668446,0.9925604879581312,-0.015214206191286661,0.07814406158759857
2.9518,0.9778714023591379,0.9931891012925227,-0.015317698933384749,0.07815172450784713
2.952,0.9772811027168934,0.9937280741169892,-0.016446971400095767,0.07815940733824833
2.9522,0.9792753460507868,0.9941952953412662,-0.01491994929047935,0.07816711007880173
2.9524,0.9782917955432658,0.99460417462882,-0.016312379085554163,0.07817483272950776
2.9526,0.9777515520031981,0.9949649568256936,-0.01721340482249556,0.07818257529036643
2.9528,0.9762991991286607,0.9952856038214442,-0.018986404692783454,0.0781903377613773
2.953,0.9787350274532215,0.9955723988474134,-0.016837371394191947,0.07819812014254124
2.9532,0.9757120703442339,0.9958303689825289,-0.02011829863829495,0.07820592243385738
2.9534,0.9785648337468318,0.9960635861663256,-0.017498752419493835,0.07821374463532615
2.9536,0.9773272236894124,0.9962753854325248,-0.018948161743112424,0.07822158674694712
2.9538,0.9804446129728608,0.9964685257004036,-0.016023912727542777,0.07822944876872118
2.954,0.979244540351009,0.9966453100172931,-0.01740076966628401,0.07823733070064742
2.9542,0.9798924306509892,0.9968076767163331,-0.016915246065343892,0.07824523254272586
2.9544,0.9781732597309035,0.996957269400063,-0.018784009669159496,0.07825315429495738
2.9546,0.9791496530062943,0.9970954912946302,-0.017945838288335847,0.0782610959573411
2.9548,0.9798598758181927,0.9972235479185948,-0.017363672100402128,0.07826905752987745
2.955,0.9806456178583014,0.9973424809105297,-0.016696863052228283,0.07827703901256644
2.9552,0.9828858027275753,0.9974531950929789,-0.014567392365403609,0.07828504040540762
2.9554,0.981570742564509,0.9975564803087306,-0.015985737744221518,0.07829306170840189
2.9556,0.9839363571444634,0.9976530291777141,-0.013716672033250776,0.0783011029215479
2.9558,0.9861241771915815,0.9977434516421262,-0.01161927445054467,0.078309164044847
2.956,0.9825827978069644,0.997828286961754,-0.015245489154789515,0.07831724507829874
2.9562,0.9814443329927995,0.997908013669241,-0.01646368067644144,0.07832534602190266
2.9564,0.9816965923766269,0.9979830578812421,-0.01628646550461521,0.07833346687565923
2.9566,0.9826185630767099,0.9980538002755043,-0.01543523719879436,0.07834160763956799
2.9568,0.983059755482818,0.9981205819785097,-0.015060826495691737,0.07834976831362983
2.957,0.9828307326485938,0.9981837095580991,-0.015352976909505323,0.07835794889784387
2.9572,0.9817926888497005,0.9982434592766279,-0.01645077042692744,0.07836614939221054
2.9574,0.9798068776186949,0.9983000807299113,-0.018493203111216383,0.07837436979672985
2.9576,0.9794511682362685,0.9983537999734208,-0.01890263173715223,0.07838261011140135
2.9578,0.9772128467371319,0.9984048222183997,-0.021191975481267722,0.0783908703362255
2.958,0.9781833990309984,0.9984533341656057,-0.020269935134607286,0.07839915047120227
2.9582,0.9800755710651172,0.9984995060324227,-0.018423934967305433,0.07840745051633125
2.9584,0.9790496089871914,0.9985434933194633,-0.01949388433227195,0.0784157704716133
2.9586,0.9781120155089749,0.9985854383549826,-0.020473422846007727,0.07842411033704755
2.9588,0.9782476779487874,0.9986254716491019,-0.02037779370031445,0.07843247011263443
2.959,0.9786987072305681,0.9986637130846575,-0.019965005854089446,0.07844084979837351
2.9592,0.9775208425097075,0.9987002729672422,-0.021179430457534676,0.07844924939426523
2.9594,0.9804454758149806,0.9987352529535072,-0.01828977713852653,0.07845766890030959
2.9596,0.9796836957023553,0.9987687468738843,-0.019085051171529033,0.07846610831650658
2.9598,0.9811934920819615,0.9988008414634828,-0.01760734938152131,0.07847456764285621
2.96,0.9848100825954976,0.9988316170128967,-0.014021534417399062,0.07848304687935803
