rank,candidate_idx,perm,signs,alpha_deg,beta_deg,gamma_deg,chi2,chi2_data_only,rms_MHz_per_mm,surface_cosine_abs,success
1,301,"(3, 0, 1, 2)","(1, 1, -1, 1)",2.968548464338154e-09,89.83846015128702,30.000000002873808,3.1593488788724856e-09,9.079375417737423e-22,3.980321157041057e-15,0.9999960254881565,True
2,290,"(3, 0, 1, 2)","(-1, -1, 1, -1)",3.850028184233489e-09,89.83846015099513,30.000000002842604,3.159348901640585e-09,1.8634506382272887e-23,4.7623262199374884e-15,0.9999960254881421,True
3,318,"(3, 0, 2, 1)","(1, 1, 1, -1)",-1.0757764559646154e-09,89.83846015020877,-1.1066929267852073e-10,3.159348963064346e-09,4.632275447655067e-22,3.036414304697331e-15,0.9999960254881035,True
4,14,"(0, 1, 2, 3)","(1, 1, 1, -1)",29.999999999250015,89.83846015005516,1.3934756193475536e-09,3.1593489752457756e-09,3.1313419897948143e-21,5.353685293611317e-15,0.9999960254880959,True
5,343,"(3, 1, 2, 0)","(-1, 1, 1, 1)",3.9431673336887683e-10,89.83846014889029,30.00000000915205,3.1593490663187643e-09,1.6679856215551814e-22,4.0943002132167226e-15,0.9999960254880386,True
6,344,"(3, 1, 2, 0)","(1, -1, -1, -1)",3.9431673336887683e-10,89.83846014889029,30.00000000915205,3.1593490663187643e-09,1.6679856215551814e-22,4.0943002132167226e-15,0.9999960254880386,True
7,208,"(2, 0, 3, 1)","(-1, -1, -1, -1)",4.135396082740031e-10,89.83846014886556,9.317316619916727e-11,3.159349068260306e-09,1.6675877361777206e-22,2.6645352591003757e-15,0.9999960254880373,True
8,128,"(1, 2, 0, 3)","(-1, -1, -1, -1)",-9.982208664260423e-11,89.838460148481,-1.1427231211232043e-10,3.159349098265857e-09,7.411648927599898e-23,4.457514335395259e-15,0.9999960254880185,True
9,183,"(1, 3, 2, 0)","(-1, 1, 1, 1)",-1.3353780016194873e-09,89.83846014798054,29.999999997043254,3.159349137451867e-09,2.2419548106003587e-21,7.26666201520557e-15,0.9999960254879938,True
10,184,"(1, 3, 2, 0)","(1, -1, -1, -1)",-2.4698086163996917e-09,89.83846014635975,29.99999999527486,3.159349264179643e-09,2.9647164957762006e-22,4.366249940491396e-15,0.9999960254879141,True
11,88,"(0, 3, 2, 1)","(1, -1, -1, -1)",7.0767932954524105e-09,89.83846014504817,7.296942600013084e-09,3.1593493669045737e-09,1.8543732757271866e-23,4.120308734117367e-15,0.9999960254878495,True
12,125,"(1, 0, 3, 2)","(1, 1, -1, 1)",4.786477998725328e-09,89.83846014238691,3.0886099288429497e-09,3.159349575004035e-09,1.5008143959615887e-21,3.770401954191398e-15,0.9999960254877186,True
13,369,"(3, 2, 1, 0)","(-1, -1, -1, 1)",1.219831322617134e-09,89.83846014215091,1.1865016932147968e-09,3.1593495935390653e-09,3.631601292679995e-21,7.489412345548371e-15,0.9999960254877069,True
14,113,"(1, 0, 3, 2)","(-1, -1, -1, 1)",3.601952567229876e-09,89.83846014164949,1.0056261750668155e-09,3.159349632719945e-09,6.670277217986856e-22,6.591895645102709e-15,0.9999960254876823,True
15,306,"(3, 0, 2, 1)","(-1, -1, 1, -1)",3.1031223863033324e-09,89.83846014131154,30.000000000842213,3.1593496591951446e-09,2.96482534050756e-22,3.3257310888414098e-15,0.9999960254876656,True
16,162,"(1, 3, 0, 2)","(-1, -1, 1, -1)",2.400870614775996e-09,89.83846014092617,30.00000000244582,3.159349689377666e-09,6.670326182948555e-22,4.9733365358798255e-15,0.9999960254876467,True
17,354,"(3, 2, 0, 1)","(-1, -1, 1, -1)",2.9219660563685222e-09,89.83846014086564,30.00000000279061,3.1593496941426755e-09,7.411608757047396e-23,2.592634238871867e-15,0.9999960254876437,True
18,116,"(1, 0, 3, 2)","(-1, 1, -1, -1)",4.306712050120244e-09,89.83846014025274,30.00000000307287,3.1593497419754292e-09,2.9646424572298567e-22,4.978290881988863e-15,0.9999960254876136,True
19,123,"(1, 0, 3, 2)","(1, -1, 1, 1)",4.306712050120244e-09,89.83846014025274,30.00000000307287,3.1593497419754292e-09,2.9646424572298567e-22,4.978290881988863e-15,0.9999960254876136,True
20,320,"(3, 1, 0, 2)","(-1, -1, -1, -1)",2.851497433597996e-09,89.83846014010192,30.000000002643002,3.159349753801796e-09,9.079785678737096e-22,5.4223153100566546e-15,0.9999960254876061,True
21,356,"(3, 2, 0, 1)","(-1, 1, -1, -1)",30.000000001962082,89.83846013999022,-3.5587120441343587e-09,3.159349762626152e-09,7.412124801961402e-23,3.506149232376469e-15,0.9999960254876006,True
22,363,"(3, 2, 0, 1)","(1, -1, 1, 1)",30.000000001962082,89.83846013999022,-3.5587120441343587e-09,3.159349762626152e-09,7.412124801961402e-23,3.506149232376469e-15,0.9999960254876006,True
23,200,"(2, 0, 1, 3)","(1, -1, -1, -1)",7.644781652944119e-10,89.83846013982388,4.907993220661928e-10,3.159349775513524e-09,2.6681621923540883e-21,5.4585651754179235e-15,0.9999960254875925,True
24,17,"(0, 1, 3, 2)","(-1, -1, -1, 1)",30.000000000382407,89.83846013962686,-5.233569524253614e-10,3.1593497910436546e-09,4.632125153838713e-22,3.882078078833519e-15,0.9999960254875827,True
25,15,"(0, 1, 2, 3)","(1, 1, 1, 1)",7.620335215388563e-10,89.8384601395262,9.949615501249189e-10,3.1593497988093775e-09,1.8544883681838263e-23,4.007069545401728e-15,0.9999960254875778,True
26,164,"(1, 3, 0, 2)","(-1, 1, -1, -1)",4.3363665216676547e-10,89.83846013937085,30.000000000161734,3.1593498109896228e-09,1.5008177157483176e-21,7.498184720263244e-15,0.9999960254875702,True
27,157,"(1, 2, 3, 0)","(1, 1, -1, 1)",6.828458997239694e-10,89.83846013933095,-2.630364567574681e-10,3.1593498141652643e-09,7.411466851826289e-23,4.4556704824371976e-15,0.9999960254875682,True
28,375,"(3, 2, 1, 0)","(-1, 1, 1, 1)",-1.114055121910349e-09,89.83846013933142,-5.837160021495789e-09,3.1593498141658574e-09,6.67111312164549e-22,1.0796026988962398e-14,0.9999960254875682,True
29,376,"(3, 2, 1, 0)","(1, -1, -1, -1)",-1.114055121910349e-09,89.83846013933142,-5.837160021495789e-09,3.1593498141658574e-09,6.67111312164549e-22,1.0796026988962398e-14,0.9999960254875682,True
30,30,"(0, 1, 3, 2)","(1, 1, 1, -1)",29.99999999972299,89.83846013931696,2.702635714746861e-09,3.1593498152253984e-09,1.1858262219399033e-21,4.48508116795402e-15,0.9999960254875675,True
31,52,"(0, 2, 3, 1)","(-1, 1, -1, -1)",1.5901941030751113e-09,89.8384601392811,-3.713801781952019e-09,3.1593498180494596e-09,1.185823561014053e-21,3.022852761682258e-15,0.9999960254875657,True
32,63,"(0, 2, 3, 1)","(1, 1, 1, 1)",9.507729337459747e-10,89.83846013908219,30.000000000922697,3.1593498335806834e-09,7.412898901316447e-23,2.5767381096281752e-15,0.999996025487556,True
33,142,"(1, 2, 0, 3)","(1, 1, 1, -1)",-2.1005139480872324e-10,89.83846013907728,-2.5401648523120305e-10,3.1593498339348023e-09,1.1858319871958284e-21,6.656401994314458e-15,0.9999960254875557,True
34,370,"(3, 2, 1, 0)","(-1, -1, 1, -1)",29.999999999964718,89.83846013900848,-2.2378820357825962e-10,3.1593498394061426e-09,9.078980377974647e-22,3.706659875494282e-15,0.9999960254875523,True
35,135,"(1, 2, 0, 3)","(-1, 1, 1, 1)",-2.826316514888926e-09,89.83846013899948,29.999999997886583,3.159349840111417e-09,1.6692207072614749e-22,7.123907043836157e-15,0.9999960254875518,True
36,114,"(1, 0, 3, 2)","(-1, -1, 1, -1)",-8.215053534364421e-10,89.83846013892568,9.770023660210181e-10,3.159349845759446e-09,7.413023671469944e-23,5.115064680903871e-15,0.9999960254875483,True
37,127,"(1, 0, 3, 2)","(1, 1, 1, 1)",1.3046851459202658e-11,89.8384601388902,30.000000000922302,3.1593498485835068e-09,7.411404861406007e-23,1.9694075549100145e-15,0.9999960254875465,True
38,192,"(2, 0, 1, 3)","(-1, -1, -1, -1)",3.83235772149548e-10,89.83846013883002,30.000000000566892,3.1593498533499436e-09,9.079108925295828e-22,2.6890937069068348e-15,0.9999960254875435,True
39,178,"(1, 3, 2, 0)","(-1, -1, 1, -1)",30.00000000087539,89.83846013880951,6.856523825925665e-10,3.159349854938033e-09,4.632195047829039e-22,3.1401849173675502e-15,0.9999960254875425,True
40,189,"(1, 3, 2, 0)","(1, 1, -1, 1)",30.00000000087539,89.83846013880951,6.856523825925665e-10,3.159349854938033e-09,4.632195047829039e-22,3.1401849173675502e-15,0.9999960254875425,True
41,145,"(1, 2, 3, 0)","(-1, -1, -1, 1)",-2.8134188607122317e-09,89.83846013875954,29.999999998648885,3.1593498588215617e-09,9.079032993518294e-22,3.413522074661599e-15,0.9999960254875401,True
42,273,"(2, 3, 1, 0)","(-1, -1, -1, 1)",3.889632876140737e-09,89.83846013874926,29.999999999975515,3.1593498597033396e-09,1.6675894730898907e-22,4.6927994776487e-15,0.9999960254875395,True
43,286,"(2, 3, 1, 0)","(1, 1, 1, -1)",3.889632876140737e-09,89.83846013874926,29.999999999975515,3.1593498597033396e-09,1.6675894730898907e-22,4.6927994776487e-15,0.9999960254875395,True
44,242,"(2, 1, 3, 0)","(-1, -1, 1, -1)",30.000000000854854,89.8384601387446,1.2657742627664266e-09,3.1593498600580334e-09,1.852876358485301e-21,4.905125646631375e-15,0.9999960254875393,True
45,253,"(2, 1, 3, 0)","(1, 1, -1, 1)",30.000000000854854,89.8384601387446,1.2657742627664266e-09,3.1593498600580334e-09,1.852876358485301e-21,4.905125646631375e-15,0.9999960254875393,True
46,136,"(1, 2, 0, 3)","(1, -1, -1, -1)",-2.8263165227132443e-09,89.83846013873787,29.999999997886583,3.159349860586359e-09,6.670701731809761e-22,6.90840681820861e-15,0.999996025487539,True
47,333,"(3, 1, 0, 2)","(1, 1, -1, 1)",2.216898711489097e-09,89.83846013870559,3.2620193956039347e-09,3.1593498630574122e-09,6.670864971324366e-22,5.097362657857206e-15,0.9999960254875374,True
48,223,"(2, 0, 3, 1)","(1, 1, 1, 1)",-1.3893967947336883e-10,89.83846013864712,29.999999999514518,3.1593498676459183e-09,7.412962260755867e-23,3.682193206295148e-15,0.9999960254875345,True
49,75,"(0, 3, 1, 2)","(1, -1, 1, 1)",30.00000000036003,89.83846013864795,1.6749350926848068e-09,3.1593498676485124e-09,2.668208720365816e-21,6.3648483409691215e-15,0.9999960254875345,True
50,193,"(2, 0, 1, 3)","(-1, -1, -1, 1)",-4.157453407642393e-09,89.83846013861606,29.999999999126217,3.1593498701170646e-09,1.6675881373734194e-22,3.1086244689504383e-15,0.999996025487533,True
51,160,"(1, 3, 0, 2)","(-1, -1, -1, -1)",29.999999998673687,89.83846013860442,2.2038203268282884e-10,3.1593498710006026e-09,1.1858829749135812e-21,5.3367748311987965e-15,0.9999960254875324,True
52,244,"(2, 1, 3, 0)","(-1, 1, -1, -1)",2.1123533958381304e-11,89.83846013859996,29.99999999944796,3.159349871352591e-09,1.6676330152933242e-22,3.1191801002388134e-15,0.9999960254875322,True
53,251,"(2, 1, 3, 0)","(1, -1, 1, 1)",2.1123533958381304e-11,89.83846013859996,29.99999999944796,3.159349871352591e-09,1.6676330152933242e-22,3.1191801002388134e-15,0.9999960254875322,True
54,176,"(1, 3, 2, 0)","(-1, -1, -1, -1)",-2.2306038689220692e-10,89.83846013858417,-7.019874050853016e-10,3.159349872588248e-09,2.9647105570583104e-22,2.945754565036118e-15,0.9999960254875314,True
55,255,"(2, 1, 3, 0)","(1, 1, 1, 1)",-9.263538612463868e-10,89.83846013856146,-1.2195176162546404e-09,3.1593498743530635e-09,7.415538056535333e-23,4.142188393658237e-15,0.9999960254875303,True
56,31,"(0, 1, 3, 2)","(1, 1, 1, 1)",-3.7351107689982507e-10,89.83846013855138,29.999999999828184,3.159349875059912e-09,9.080302586072677e-22,6.744700057656012e-15,0.9999960254875299,True
57,351,"(3, 1, 2, 0)","(1, 1, 1, 1)",-1.0514242104694382e-09,89.83846013854523,29.999999999791893,3.15934987558859e-09,7.411590418847034e-23,2.9485427857881315e-15,0.9999960254875295,True
58,372,"(3, 2, 1, 0)","(-1, 1, -1, -1)",-1.3103969562676085e-09,89.83846013854014,29.99999999956042,3.1593498759415977e-09,7.412074000161593e-23,3.0874049412768257e-15,0.9999960254875293,True
59,379,"(3, 2, 1, 0)","(1, -1, 1, 1)",-1.3103969562676085e-09,89.83846013854014,29.99999999956042,3.1593498759415977e-09,7.412074000161593e-23,3.0874049412768257e-15,0.9999960254875293,True
60,338,"(3, 1, 2, 0)","(-1, -1, 1, -1)",-1.1671729894711209e-09,89.83846013852738,29.999999998902076,3.1593498770006205e-09,7.411418438468268e-23,2.8115909472044866e-15,0.9999960254875286,True
61,187,"(1, 3, 2, 0)","(1, -1, 1, 1)",3.3145578745844303e-10,89.838460138507,30.000000001868102,3.1593498785892477e-09,1.6692215355948454e-22,6.0565693336060345e-15,0.9999960254875276,True
62,146,"(1, 2, 3, 0)","(-1, -1, 1, -1)",2.0474331593445353e-09,89.83846013850237,30.000000001988276,3.1593498789435896e-09,1.5008084416669891e-21,4.305604634972164e-15,0.9999960254875274,True
63,241,"(2, 1, 3, 0)","(-1, -1, -1, 1)",-1.8041733313747975e-09,89.83846013847821,29.99999999979886,3.159349880885131e-09,1.5008345063839636e-21,3.794299872214038e-15,0.9999960254875262,True
64,254,"(2, 1, 3, 0)","(1, 1, 1, -1)",-1.8041733313747975e-09,89.83846013847821,29.99999999979886,3.159349880885131e-09,1.5008345063839636e-21,3.794299872214038e-15,0.9999960254875262,True
65,82,"(0, 3, 2, 1)","(-1, -1, 1, -1)",29.999999999856097,89.83846013846434,-1.17002337703951e-11,3.1593498819433204e-09,6.670262876981587e-22,5.2435760190342124e-15,0.9999960254875255,True
66,239,"(2, 1, 0, 3)","(1, 1, 1, 1)",-3.1339910071324946e-10,89.8384601384502,-4.5413121917497266e-10,3.1593498830018423e-09,1.6678359614406552e-22,3.365032081624177e-15,0.9999960254875249,True
67,0,"(0, 1, 2, 3)","(-1, -1, -1, -1)",-5.44907236221876e-10,89.83846013839641,29.99999999878687,3.159349887237786e-09,1.8530201620864484e-23,1.2883690548140876e-15,0.9999960254875222,True
68,151,"(1, 2, 3, 0)","(-1, 1, 1, 1)",30.000000000728022,89.83846013836819,-3.6407267147429946e-09,3.159349889534559e-09,2.241974330666479e-21,4.2227412161335776e-15,0.9999960254875208,True
69,238,"(2, 1, 0, 3)","(1, 1, 1, -1)",30.00000000099864,89.83846013833626,7.010684494878563e-10,3.1593498920070024e-09,3.631591470681105e-21,6.710499981846814e-15,0.9999960254875192,True
70,194,"(2, 0, 1, 3)","(-1, -1, 1, -1)",6.700025948065868e-10,89.8384601382277,29.999999997731575,3.1593499004756274e-09,7.41292921008693e-23,2.8780270159990897e-15,0.9999960254875139,True
71,205,"(2, 0, 1, 3)","(1, 1, -1, 1)",6.700025948065868e-10,89.8384601382277,29.999999997731575,3.1593499004756274e-09,7.41292921008693e-23,2.8780270159990897e-15,0.9999960254875139,True
72,285,"(2, 3, 1, 0)","(1, 1, -1, 1)",1.6584940987863214e-10,89.83846013821973,-3.1785693639497824e-10,3.159349901005528e-09,4.632144790227611e-22,3.9157992600787666e-15,0.9999960254875135,True
73,68,"(0, 3, 1, 2)","(-1, 1, -1, -1)",30.00000000036003,89.8384601381072,1.67493508910227e-09,3.1593499098305517e-09,2.965155210681321e-22,4.189529226675416e-15,0.999996025487508,True
74,129,"(1, 2, 0, 3)","(-1, -1, -1, 1)",-2.963911563834666e-11,89.8384601379845,30.000000000902364,3.159349919538632e-09,6.670266433068692e-22,3.9885705361641875e-15,0.9999960254875019,True
75,45,"(0, 2, 1, 3)","(1, 1, -1, 1)",-2.793494455380001e-10,89.8384601379282,-9.769526257918952e-10,3.15934992395056e-09,2.756242668685043e-28,2.0986837273595995e-15,0.9999960254874991,True
76,49,"(0, 2, 3, 1)","(-1, -1, -1, 1)",-9.759640188962819e-09,89.83846013787561,29.999999995114113,3.1593499280110555e-09,9.079229329991565e-22,4.078212527371479e-15,0.9999960254874966,True
77,62,"(0, 2, 3, 1)","(1, 1, 1, -1)",-9.759640188962819e-09,89.83846013787561,29.999999995114113,3.1593499280110555e-09,9.079229329991565e-22,4.078212527371479e-15,0.9999960254874966,True
78,130,"(1, 2, 0, 3)","(-1, -1, 1, -1)",1.3624513174240467e-09,89.83846013786413,4.905600144649729e-10,3.1593499288929633e-09,2.964576427413352e-22,3.204937810639273e-15,0.999996025487496,True
79,331,"(3, 1, 0, 2)","(1, -1, 1, 1)",2.578186563268626e-10,89.83846013785839,29.999999999160497,3.1593499292461375e-09,4.632195753186043e-22,6.292134509113702e-15,0.9999960254874958,True
80,36,"(0, 2, 1, 3)","(-1, 1, -1, -1)",-1.2518140120273536e-09,89.83846013771416,-6.8929855471257215e-09,3.1593499405420854e-09,1.6675669251378497e-22,3.215177254652327e-15,0.9999960254874887,True
81,289,"(3, 0, 1, 2)","(-1, -1, -1, 1)",2.9446726756101077e-10,89.83846013768306,29.99999999881622,3.159349943013639e-09,6.670328812955489e-22,3.7177278603415564e-15,0.9999960254874871,True
82,308,"(3, 0, 2, 1)","(-1, 1, -1, -1)",-2.2525069414205786e-09,89.8384601376733,9.287109017914523e-10,3.159349943898159e-09,2.6682377811155206e-21,8.260536804688756e-15,0.9999960254874866,True
83,321,"(3, 1, 0, 2)","(-1, -1, -1, 1)",-5.96734164286176e-10,89.83846013763664,29.999999999449965,3.1593499467200153e-09,4.632126504509856e-22,2.8115909472044866e-15,0.9999960254874848,True
84,334,"(3, 1, 0, 2)","(1, 1, 1, -1)",-5.96734164286176e-10,89.83846013763664,29.999999999449965,3.1593499467200153e-09,4.632126504509856e-22,2.8115909472044866e-15,0.9999960254874848,True
85,78,"(0, 3, 1, 2)","(1, 1, 1, -1)",-1.8937942591345618e-09,89.8384601375454,29.999999996030176,3.1593499537798707e-09,1.6681794241793117e-22,5.892903735164577e-15,0.9999960254874803,True
86,84,"(0, 3, 2, 1)","(-1, 1, -1, -1)",-8.094184521595331e-11,89.83846013743124,1.0788035821205693e-10,3.1593499627816956e-09,2.9646111036444417e-22,5.784535423275112e-15,0.9999960254874747,True
87,91,"(0, 3, 2, 1)","(1, -1, 1, 1)",-8.094184521595331e-11,89.83846013743124,1.0788035821205693e-10,3.1593499627816956e-09,2.9646111036444417e-22,5.784535423275112e-15,0.9999960254874747,True
88,322,"(3, 1, 0, 2)","(-1, -1, 1, -1)",-2.579594880638371e-10,89.8384601373472,29.999999999876763,3.1593499693135405e-09,1.5008082579261075e-21,4.290309365903226e-15,0.9999960254874706,True
89,347,"(3, 1, 2, 0)","(1, -1, 1, 1)",-1.1621021574671358e-09,89.838460137238,-1.5940944082707901e-09,3.159349977785724e-09,1.5008097745807623e-21,3.759489045762708e-15,0.9999960254874652,True
90,203,"(2, 0, 1, 3)","(1, -1, 1, 1)",29.99999999490585,89.83846013702016,-4.977203615151002e-10,3.159349994905167e-09,7.414074029264387e-23,3.2658929594638836e-15,0.9999960254874545,True
91,299,"(3, 0, 1, 2)","(1, -1, 1, 1)",-1.0409437215795896e-09,89.83846013692354,6.971438410500915e-10,3.15935000249522e-09,4.633230461036495e-22,8.442562982125561e-15,0.9999960254874497,True
92,196,"(2, 0, 1, 3)","(-1, 1, -1, -1)",29.9999999968221,89.83846013614328,-1.0523687697367726e-10,3.159350063565984e-09,9.079561840214594e-22,5.499060650099444e-15,0.9999960254874113,True
93,87,"(0, 3, 2, 1)","(-1, 1, 1, 1)",-9.813596431267407e-09,89.83846013584667,-5.744289817298119e-09,3.1593500866875396e-09,4.633793144259957e-22,7.137735410865528e-15,0.9999960254873967,True
94,274,"(2, 3, 1, 0)","(-1, -1, 1, -1)",-1.077132140379828e-09,89.83846013386305,-5.489161161024935e-10,3.1593502418339513e-09,1.855531448012268e-23,5.24827526659635e-15,0.9999960254872992,True
95,335,"(3, 1, 0, 2)","(1, 1, 1, 1)",8.718711459054912e-10,89.83846011084809,1.929952190210692e-09,3.1593520425263323e-09,1.6675830105164724e-22,2.018856444535345e-15,0.9999960254861665,True
96,155,"(1, 2, 3, 0)","(1, -1, 1, 1)",30.000000000286033,89.83846011056546,7.262199957890872e-10,3.1593520645891496e-09,2.1083108315576005e-27,4.0943002132167226e-15,0.9999960254861526,True
97,80,"(0, 3, 2, 1)","(-1, -1, -1, -1)",5.37721455024755e-10,89.83846011035,29.99999999920362,3.1593520813574807e-09,4.632193987115206e-22,2.9233530645295473e-15,0.9999960254861421,True
98,126,"(1, 0, 3, 2)","(1, 1, 1, -1)",-6.7401303617788365e-09,89.83846010993412,3.4673768498497926e-09,3.159352114010308e-09,7.419654478929341e-23,6.492669298735907e-15,0.9999960254861215,True
99,276,"(2, 3, 1, 0)","(-1, 1, -1, -1)",4.486001242321483e-09,89.83846010972829,30.0000000048393,3.1593521300721054e-09,1.8572368298941217e-23,5.223163757617918e-15,0.9999960254861114,True
100,283,"(2, 3, 1, 0)","(1, -1, 1, 1)",4.486001242321483e-09,89.83846010972829,30.0000000048393,3.1593521300721054e-09,1.8572368298941217e-23,5.223163757617918e-15,0.9999960254861114,True
101,50,"(0, 2, 3, 1)","(-1, -1, 1, -1)",29.99999999813104,89.83846010921084,3.571745289961626e-09,3.1593521704914737e-09,6.881496553509186e-27,4.911822067014366e-15,0.999996025486086,True
102,61,"(0, 2, 3, 1)","(1, 1, -1, 1)",29.99999999813104,89.83846010921084,3.571745289961626e-09,3.1593521704914737e-09,6.928014302772682e-27,5.0193869307412495e-15,0.999996025486086,True
103,311,"(3, 0, 2, 1)","(-1, 1, 1, 1)",6.281701211732796e-09,89.83846010917559,30.000000007403063,3.1593521733170367e-09,1.5008114703722415e-21,6.254146881646489e-15,0.9999960254860842,True
104,312,"(3, 0, 2, 1)","(1, -1, -1, -1)",6.281701211732796e-09,89.83846010917559,30.000000007403063,3.1593521733170367e-09,1.5008114703722415e-21,6.254146881646489e-15,0.9999960254860842,True
105,225,"(2, 1, 0, 3)","(-1, -1, -1, 1)",-6.412051720607249e-10,89.83846010907631,2.012112619097044e-09,3.159352181082614e-09,9.078963334907647e-22,3.5734697288860764e-15,0.9999960254860794,True
106,72,"(0, 3, 1, 2)","(1, -1, -1, -1)",1.326971604611764e-09,89.83846010745631,7.741803090340474e-10,3.1593523078123972e-09,9.079233283451125e-22,4.933522660990485e-15,0.9999960254859996,True
107,71,"(0, 3, 1, 2)","(-1, 1, 1, 1)",29.99999999857409,89.83846010710998,-2.5471719665290475e-09,3.1593523348184355e-09,1.8528950246123053e-21,8.800924958854502e-15,0.9999960254859827,True
108,56,"(0, 2, 3, 1)","(1, -1, -1, -1)",3.7670410502943464e-10,89.83846010672656,30.000000002232262,3.159352364822242e-09,2.716167651115997e-26,4.2227412161335776e-15,0.9999960254859638,True
109,199,"(2, 0, 1, 3)","(-1, 1, 1, 1)",30.00000000211931,89.83846010660466,1.5306473432593148e-09,3.159352374358195e-09,4.743353822188234e-21,6.211959911900685e-15,0.9999960254859578,True
110,55,"(0, 2, 3, 1)","(-1, 1, 1, 1)",3.5447700818482853e-09,89.8384601065551,30.00000000540033,3.159352378240169e-09,3.6317570938985785e-21,1.2626641511724522e-14,0.9999960254859553,True
111,171,"(1, 3, 0, 2)","(1, -1, 1, 1)",30.000000001895156,89.83846010655304,2.9377916227298576e-09,3.1593523784131153e-09,7.444077566712933e-23,9.105633863667415e-15,0.9999960254859552,True
112,161,"(1, 3, 0, 2)","(-1, -1, -1, 1)",-2.549194128818385e-09,89.83846010611737,30.000000001605994,3.159352412480532e-09,2.241955336370171e-21,4.7276906604876336e-15,0.9999960254859338,True
113,174,"(1, 3, 0, 2)","(1, 1, 1, -1)",-2.549194128818385e-09,89.83846010611737,30.000000001605994,3.159352412480532e-09,2.241955336370171e-21,4.7276906604876336e-15,0.9999960254859338,True
114,100,"(1, 0, 2, 3)","(-1, 1, -1, -1)",1.074935225525722e-09,89.83846010608814,1.0498940203791818e-09,3.1593524147743414e-09,1.5008101465738694e-21,4.986537186931827e-15,0.9999960254859324,True
115,107,"(1, 0, 2, 3)","(1, -1, 1, 1)",1.074935225525722e-09,89.83846010608814,1.0498940203791818e-09,3.1593524147743414e-09,1.5008101465738694e-21,4.986537186931827e-15,0.9999960254859324,True
116,304,"(3, 0, 2, 1)","(-1, -1, -1, -1)",9.842713684637408e-10,89.83846010603955,-1.4409559595282425e-10,3.159352418656389e-09,4.632147832029569e-22,3.1006841635969763e-15,0.9999960254859299,True
117,180,"(1, 3, 2, 0)","(-1, 1, -1, -1)",-6.844326639029164e-11,89.83846010597819,-7.785224658238557e-10,3.1593524234218273e-09,2.9646429594808176e-22,6.725178453592986e-15,0.9999960254859269,True
118,365,"(3, 2, 0, 1)","(1, 1, -1, 1)",30.000000000842558,89.83846010596703,6.718544793409416e-10,3.1593524243042164e-09,1.667981529252581e-22,3.72435286326848e-15,0.9999960254859264,True
119,97,"(1, 0, 2, 3)","(-1, -1, -1, 1)",3.0843046332744705e-10,89.83846010596378,30.00000000033283,3.1593524244841857e-09,3.631594677937165e-21,7.944109290391274e-15,0.9999960254859263,True
120,110,"(1, 0, 2, 3)","(1, 1, 1, -1)",3.0843046332744705e-10,89.83846010596378,30.00000000033283,3.1593524244841857e-09,3.631594677937165e-21,7.944109290391274e-15,0.9999960254859263,True
121,20,"(0, 1, 3, 2)","(-1, 1, -1, -1)",7.56489308422161e-10,89.83846010587305,-3.110014373259474e-10,3.159352431718121e-09,9.080630792421187e-22,8.300232068400358e-15,0.9999960254859217,True
122,27,"(0, 1, 3, 2)","(1, -1, 1, 1)",7.56489308422161e-10,89.83846010587305,-3.110014373259474e-10,3.159352431718121e-09,9.080630792421187e-22,8.300232068400358e-15,0.9999960254859217,True
123,103,"(1, 0, 2, 3)","(-1, 1, 1, 1)",29.99999999734279,89.83846010586569,1.2547017754303678e-09,3.1593524322470214e-09,2.9647168099685237e-22,5.487093148100849e-15,0.9999960254859214,True
124,104,"(1, 0, 2, 3)","(1, -1, -1, -1)",29.99999999734279,89.83846010586569,1.2547017754303678e-09,3.1593524322470214e-09,2.9647168099685237e-22,5.487093148100849e-15,0.9999960254859214,True
125,94,"(0, 3, 2, 1)","(1, 1, 1, -1)",29.999999997512575,89.83846010584661,4.908992609289937e-10,3.159352433659052e-09,2.964627365042041e-22,3.1112667341694604e-15,0.9999960254859205,True
126,324,"(3, 1, 0, 2)","(-1, 1, -1, -1)",-8.649441888443226e-10,89.83846010572877,29.9999999975193,3.159352443013628e-09,1.6676514833683363e-22,5.281052917742937e-15,0.9999960254859146,True
127,96,"(1, 0, 2, 3)","(-1, -1, -1, -1)",30.000000000104276,89.83846010571342,-2.9193490631601626e-10,3.1593524440725584e-09,7.417380600235341e-23,3.688882027804963e-15,0.9999960254859139,True
128,98,"(1, 0, 2, 3)","(-1, -1, 1, -1)",4.196540545334086e-11,89.83846010571179,-7.35056080231989e-10,3.1593524442496557e-09,6.670523256414547e-22,4.825746709703271e-15,0.9999960254859138,True
129,237,"(2, 1, 0, 3)","(1, 1, -1, 1)",4.6313511114233405e-10,89.83846010566529,29.9999999997701,3.159352447956237e-09,6.670872356033758e-22,8.934364154602785e-15,0.9999960254859115,True
130,381,"(3, 2, 1, 0)","(1, 1, -1, 1)",30.000000000082107,89.83846010566026,-1.6780375319714782e-09,3.1593524483087447e-09,1.6675855247859823e-22,4.381280105217875e-15,0.9999960254859113,True
131,287,"(2, 3, 1, 0)","(1, 1, 1, 1)",-1.671369955485063e-10,89.83846010564363,29.999999999782485,3.159352449544124e-09,1.854349451705743e-23,2.2824918170493184e-15,0.9999960254859105,True
132,272,"(2, 3, 1, 0)","(-1, -1, -1, -1)",-9.185134234195941e-11,89.83846010563057,-3.7781441806075644e-11,3.1593524506034248e-09,2.9648242757167958e-22,3.132324617386636e-15,0.9999960254859098,True
133,207,"(2, 0, 1, 3)","(1, 1, 1, 1)",4.209359050031462e-10,89.83846010550255,7.975298335974244e-11,3.1593524606638683e-09,1.855617355590711e-23,3.980321157041057e-15,0.9999960254859035,True
134,175,"(1, 3, 0, 2)","(1, 1, 1, 1)",7.616277239241255e-10,89.83846010548375,30.000000000685876,3.159352462076177e-09,2.9646257718734325e-22,2.3393850751791097e-15,0.9999960254859026,True
135,260,"(2, 3, 0, 1)","(-1, 1, -1, -1)",30.00000000021954,89.83846010547761,4.871849872491475e-10,3.1593524626054664e-09,7.411605525124072e-23,3.161050162967915e-15,0.9999960254859023,True
136,95,"(0, 3, 2, 1)","(1, 1, 1, 1)",2.172078744109907e-10,89.83846010547755,2.25503831342408e-10,3.1593524626058556e-09,4.6321985595522695e-22,3.372350028828006e-15,0.9999960254859023,True
137,158,"(1, 2, 3, 0)","(1, 1, 1, -1)",-1.3496616098513124e-09,89.83846010543286,1.053937998620802e-09,3.1593524661356362e-09,1.667663932721037e-22,4.946829556801353e-15,0.9999960254859,True
138,221,"(2, 0, 3, 1)","(1, 1, -1, 1)",30.000000001167617,89.83846010538704,-2.059832503293987e-09,3.1593524696664554e-09,9.078983026755508e-22,4.22079480385403e-15,0.9999960254858978,True
139,29,"(0, 1, 3, 2)","(1, 1, -1, 1)",-1.7660479767868965e-09,89.83846010536185,-1.8912432245862885e-09,3.159352471608276e-09,1.1858306173089536e-21,5.0828333285666705e-15,0.9999960254858966,True
140,93,"(0, 3, 2, 1)","(1, 1, -1, 1)",1.4874378053076545e-11,89.8384601053468,30.00000000031911,3.1593524728426176e-09,4.2376862042566856e-26,4.381280105217875e-15,0.9999960254858958,True
141,109,"(1, 0, 2, 3)","(1, 1, -1, 1)",30.000000000089035,89.83846010523672,-6.303480687664157e-10,3.159352481493161e-09,1.8529549201243405e-21,5.3306122716015025e-15,0.9999960254858904,True
142,368,"(3, 2, 1, 0)","(-1, -1, -1, -1)",4.903683175193359e-11,89.8384601051384,3.1055155801017764e-10,3.1593524890821604e-09,1.1858499557670363e-21,3.461332835490415e-15,0.9999960254858856,True
143,256,"(2, 3, 0, 1)","(-1, -1, -1, -1)",30.0000000002153,89.83846010513783,-1.4377451211231741e-11,3.1593524890824755e-09,1.50088874762547e-21,4.946829556801353e-15,0.9999960254858856,True
144,271,"(2, 3, 0, 1)","(1, 1, 1, 1)",-3.36445872249463e-11,89.8384601049674,29.999999999788656,3.159352502495344e-09,7.411648218922435e-23,2.6178672835167827e-15,0.9999960254858772,True
145,210,"(2, 0, 3, 1)","(-1, -1, 1, -1)",29.999999998187636,89.83846010492815,2.3356094000516897e-10,3.159352505497022e-09,1.1858248975682294e-21,5.391920926518925e-15,0.9999960254858753,True
146,352,"(3, 2, 0, 1)","(-1, -1, -1, -1)",29.999999999723546,89.83846010491226,-5.346940545838548e-10,3.1593525067315295e-09,1.6676309185853995e-22,2.0511601988091347e-15,0.9999960254858745,True
147,34,"(0, 2, 1, 3)","(-1, -1, 1, -1)",30.000000000230383,89.83846010483337,5.137688239616831e-10,3.1593525129090177e-09,1.8536463143007634e-23,3.582656041547046e-15,0.9999960254858706,True
148,141,"(1, 2, 0, 3)","(1, 1, -1, 1)",-6.917217854438403e-10,89.83846010478952,29.999999999017074,3.1593525164397442e-09,6.670284939673319e-22,4.450134339712209e-15,0.9999960254858684,True
149,350,"(3, 1, 2, 0)","(1, 1, 1, -1)",29.999999999530186,89.83846010477382,-1.8620491984540137e-09,3.1593525176746777e-09,7.412991393920643e-23,3.4967619351230766e-15,0.9999960254858676,True
150,112,"(1, 0, 3, 2)","(-1, -1, -1, -1)",29.999999999492566,89.83846010476816,6.779253925893391e-12,3.1593525180276113e-09,6.73397247415268e-27,1.88411095042053e-15,0.9999960254858674,True
151,224,"(2, 1, 0, 3)","(-1, -1, -1, -1)",29.9999999988272,89.83846010476704,-1.027071182108851e-09,3.1593525182041896e-09,7.412072376176944e-23,2.160422880492996e-15,0.9999960254858673,True
152,32,"(0, 2, 1, 3)","(-1, -1, -1, -1)",-8.150096117353498e-10,89.83846010474848,29.999999999440742,3.1593525196161654e-09,1.8530512791239306e-23,5.045512738619311e-15,0.9999960254858664,True
153,240,"(2, 1, 3, 0)","(-1, -1, -1, -1)",30.00000000003501,89.83846010467605,1.9099202797056784e-10,3.1593525252642894e-09,1.8530218906432626e-23,2.2932668186396043e-15,0.9999960254858629,True
154,270,"(2, 3, 0, 1)","(1, 1, 1, -1)",1.625395428170512e-09,89.83846010467039,30.000000002728953,3.159352525794246e-09,4.632393653743058e-22,4.965068306494546e-15,0.9999960254858625,True
155,319,"(3, 0, 2, 1)","(1, 1, 1, 1)",5.427918377350009e-10,89.83846010459483,5.217640297906491e-10,3.159352531618707e-09,2.964628789996515e-22,2.462593796972316e-15,0.9999960254858589,True
156,159,"(1, 2, 3, 0)","(1, 1, 1, 1)",3.139185302057417e-10,89.83846010455022,1.7910897549776943e-10,3.1593525351485625e-09,7.412088687115917e-23,2.3638453302438168e-15,0.9999960254858566,True
157,77,"(0, 3, 1, 2)","(1, 1, -1, 1)",29.999999999356074,89.83846010453702,-3.3444176046569055e-10,3.1593525362090126e-09,1.500850846507585e-21,5.768888059150692e-15,0.999996025485856,True
158,263,"(2, 3, 0, 1)","(-1, 1, 1, 1)",-3.777444930974741e-09,89.83846010451472,-1.5322289796836787e-09,3.1593525379737367e-09,1.1858677740235632e-21,5.618796206575976e-15,0.9999960254858549,True
159,264,"(2, 3, 0, 1)","(1, -1, -1, -1)",-3.777444930974741e-09,89.83846010451472,-1.5322289796836787e-09,3.1593525379737367e-09,1.1858677740235632e-21,5.618796206575976e-15,0.9999960254858549,True
160,177,"(1, 3, 2, 0)","(-1, -1, -1, 1)",29.999999995793996,89.83846010445878,-6.212794962264109e-09,3.1593525422088105e-09,1.6675770756592634e-22,3.079409921534359e-15,0.9999960254858522,True
161,191,"(1, 3, 2, 0)","(1, 1, 1, 1)",-1.655256955127161e-09,89.83846010435275,30.000000000069015,3.1593525505043447e-09,1.8535222703841628e-23,2.296847253011292e-15,0.999996025485847,True
162,47,"(0, 2, 1, 3)","(1, 1, 1, 1)",2.0433384360607716e-10,89.8384601042868,29.999999999567176,3.1593525557996096e-09,1.6676333706283776e-22,3.423137648849436e-15,0.9999960254858437,True
163,4,"(0, 1, 2, 3)","(-1, 1, -1, -1)",2.4834606970166485e-10,89.83846010425349,30.00000000043413,3.159352558270664e-09,1.6676167437094091e-22,5.267030330297353e-15,0.9999960254858421,True
164,11,"(0, 1, 2, 3)","(1, -1, 1, 1)",2.4834606970166485e-10,89.83846010425349,30.00000000043413,3.159352558270664e-09,1.6676167437094091e-22,5.267030330297353e-15,0.9999960254858421,True
165,296,"(3, 0, 1, 2)","(1, -1, -1, -1)",29.999999990070638,89.83846010411465,-8.679800483797359e-10,3.1593525692159804e-09,2.2420283319741835e-21,5.744621937233613e-15,0.9999960254858352,True
166,315,"(3, 0, 2, 1)","(1, -1, 1, 1)",-4.614301326095107e-10,89.83846010402866,-4.504210712554175e-10,3.1593525759209046e-09,1.855524350388977e-23,4.261482772730095e-15,0.999996025485831,True
167,18,"(0, 1, 3, 2)","(-1, -1, 1, -1)",-1.7660479550424164e-09,89.8384601039705,-1.8912432326586423e-09,3.1593525805102833e-09,2.9645652307247397e-22,3.335599748779024e-15,0.9999960254858281,True
168,212,"(2, 0, 3, 1)","(-1, 1, -1, -1)",2.2533887293492116e-10,89.83846010372892,30.00000000109574,3.159352599396366e-09,4.632192471865169e-22,4.134245551462635e-15,0.9999960254858162,True
169,219,"(2, 0, 3, 1)","(1, -1, 1, 1)",2.2533887293492116e-10,89.83846010372892,30.00000000109574,3.159352599396366e-09,4.632192471865169e-22,4.134245551462635e-15,0.9999960254858162,True
170,359,"(3, 2, 0, 1)","(-1, 1, 1, 1)",29.999999997864624,89.83846010365667,2.487871900664556e-09,3.1593526050452126e-09,1.1858388640503676e-21,6.290828409564787e-15,0.9999960254858127,True
171,360,"(3, 2, 0, 1)","(1, -1, -1, -1)",29.999999997864624,89.83846010365667,2.487871900664556e-09,3.1593526050452126e-09,1.1858388640503676e-21,6.290828409564787e-15,0.9999960254858127,True
172,226,"(2, 1, 0, 3)","(-1, -1, 1, -1)",-5.392606570437742e-10,89.83846010330893,29.99999999966882,3.1593526322257927e-09,1.6678401768444422e-22,4.150116034200179e-15,0.9999960254857956,True
173,258,"(2, 3, 0, 1)","(-1, -1, 1, -1)",-8.585879306473345e-10,89.83846010277317,30.0000000004381,3.159352674234737e-09,1.1858236095597527e-21,3.215177254652327e-15,0.9999960254857692,True
174,337,"(3, 1, 2, 0)","(-1, -1, -1, 1)",-5.060775057868833e-09,89.83846010151393,29.999999996632873,3.159352772723907e-09,1.1858408980507886e-21,6.007527479243128e-15,0.9999960254857072,True
175,232,"(2, 1, 0, 3)","(1, -1, -1, -1)",30.000000001094897,89.83846010050512,-3.2314443914885856e-09,3.1593528516206287e-09,6.670679221571808e-22,5.700106010750188e-15,0.9999960254856576,True
176,2,"(0, 1, 2, 3)","(-1, -1, 1, -1)",6.671863298035035e-10,89.83845990413917,29.99999999938718,3.1593682134789555e-09,4.632391542523022e-22,4.345498581144397e-15,0.9999960254759949,True
177,1,"(0, 1, 2, 3)","(-1, -1, -1, 1)",29.999999996179778,89.8384599040816,1.505367429682094e-09,3.159368217891767e-09,6.670532978956326e-22,4.343607177972689e-15,0.9999960254759921,True
178,228,"(2, 1, 0, 3)","(-1, 1, -1, -1)",-1.117433946336633e-09,89.83845990376702,-1.4001039970879336e-09,3.1593682426020017e-09,2.964575917659711e-22,4.84444134347038e-15,0.9999960254759765,True
179,235,"(2, 1, 0, 3)","(1, -1, 1, 1)",-1.117433946336633e-09,89.83845990376702,-1.4001039970879336e-09,3.1593682426020017e-09,2.964575917659711e-22,4.84444134347038e-15,0.9999960254759765,True
180,111,"(1, 0, 2, 3)","(1, 1, 1, 1)",9.840551483753241e-11,89.83845990339559,30.000000000143586,3.1593682715487108e-09,2.9645765816975617e-22,2.6645352591003757e-15,0.9999960254759583,True
181,143,"(1, 2, 0, 3)","(1, 1, 1, 1)",4.1792880858599395e-11,89.83845990278286,-4.706079912233641e-11,3.1593683195576093e-09,1.8536182449218408e-23,3.820199830714189e-15,0.9999960254759281,True
182,167,"(1, 3, 0, 2)","(-1, 1, 1, 1)",-1.8021540874634265e-09,89.83845990271577,3.097272532904722e-10,3.1593683248542217e-09,1.5009758363660064e-21,8.848414820926143e-15,0.9999960254759248,True
183,231,"(2, 1, 0, 3)","(-1, 1, 1, 1)",3.77200330280772e-10,89.8384599022848,8.425141559317912e-10,3.1593683585669e-09,1.8528788340253652e-21,8.265509138134083e-15,0.9999960254759036,True
184,215,"(2, 0, 3, 1)","(-1, 1, 1, 1)",29.999999997590606,89.83845990101698,-1.845917637765263e-10,3.1593684577641107e-09,3.631591672228927e-21,6.3428626160647376e-15,0.9999960254758412,True
185,216,"(2, 0, 3, 1)","(1, -1, -1, -1)",29.999999997590606,89.83845990101698,-1.845917637765263e-10,3.1593684577641107e-09,3.631591672228927e-21,6.3428626160647376e-15,0.9999960254758412,True
186,132,"(1, 2, 0, 3)","(-1, 1, -1, -1)",5.474817574750105e-09,89.83845988017167,30.00000000479403,3.1593700884846512e-09,4.632394848286664e-22,3.854462398527502e-15,0.9999960254748155,True
187,39,"(0, 2, 1, 3)","(-1, 1, 1, 1)",1.1481439799044262e-09,89.83845987623579,4.731027843575779e-10,3.1593703963084924e-09,6.671323320760043e-22,5.93597398072733e-15,0.9999960254746219,True
188,40,"(0, 2, 1, 3)","(1, -1, -1, -1)",1.1481439799044262e-09,89.83845987623579,4.731027843575779e-10,3.1593703963084924e-09,6.671324173766244e-22,5.924889052322839e-15,0.9999960254746219,True
189,295,"(3, 0, 1, 2)","(-1, 1, 1, 1)",6.748835484969987e-09,89.83845987597304,7.76466779437588e-09,3.159370416965527e-09,6.688787242925642e-21,7.436560789533785e-15,0.9999960254746089,True
190,247,"(2, 1, 3, 0)","(-1, 1, 1, 1)",2.577301822875187e-09,89.83845987576296,-4.2884088426047887e-10,3.159370433375988e-09,2.241951899410392e-21,1.0051862229311439e-14,0.9999960254745985,True
191,248,"(2, 1, 3, 0)","(1, -1, -1, -1)",2.577301822875187e-09,89.83845987576296,-4.2884088426047887e-10,3.159370433375988e-09,2.241951899410392e-21,1.0051862229311439e-14,0.9999960254745985,True
192,305,"(3, 0, 2, 1)","(-1, -1, -1, 1)",5.215868483391776e-09,89.83845987466016,30.000000006252307,3.15937051950796e-09,7.411859138568774e-23,4.6594108528621865e-15,0.9999960254745444,True
193,349,"(3, 1, 2, 0)","(1, 1, -1, 1)",6.763017044582909e-11,89.83845987443827,30.000000008725188,3.159370536982117e-09,2.964712544828592e-22,2.8894251874013007e-15,0.9999960254745334,True
194,81,"(0, 3, 2, 1)","(-1, -1, -1, 1)",30.000000002640146,89.83845987288304,2.566571011059382e-09,3.159370658594846e-09,1.5008264527681747e-21,8.26849110292527e-15,0.9999960254744569,True
195,206,"(2, 0, 1, 3)","(1, 1, 1, -1)",3.5582273350595945e-09,89.83845987282562,30.000000004026212,3.1593706631847013e-09,2.2419891995006933e-21,4.911822067014366e-15,0.999996025474454,True
196,382,"(3, 2, 1, 0)","(1, 1, 1, -1)",2.1476420348635366e-09,89.83845987221316,30.00000000128459,3.1593707110158163e-09,6.672259990018048e-22,6.641571522133014e-15,0.9999960254744239,True
197,190,"(1, 3, 2, 0)","(1, 1, 1, -1)",2.7099085752976657e-09,89.83845987220619,2.453304481225507e-09,3.1593707115451255e-09,4.632413686955792e-22,6.591895645102709e-15,0.9999960254744236,True
198,48,"(0, 2, 3, 1)","(-1, -1, -1, -1)",30.00000000095594,89.83845987188947,1.5086347503305762e-09,3.1593707362555734e-09,2.964626871561084e-22,2.485841995025279e-15,0.999996025474408,True
199,59,"(0, 2, 3, 1)","(1, -1, 1, 1)",7.598530648475633e-10,89.83845987152695,30.000000001611845,3.1593707646725585e-09,7.422177094116555e-23,6.5430985557633164e-15,0.9999960254743901,True
200,7,"(0, 1, 2, 3)","(-1, 1, 1, 1)",4.5017286229420204e-09,89.83845987096159,4.8905713077214725e-09,3.1593708089769402e-09,1.853088297713634e-21,8.343678738167853e-15,0.9999960254743623,True
201,8,"(0, 1, 2, 3)","(1, -1, -1, -1)",4.5017286229420204e-09,89.83845987096159,4.8905713077214725e-09,3.1593708089769402e-09,1.853088297713634e-21,8.343678738167853e-15,0.9999960254743623,True
202,13,"(0, 1, 2, 3)","(1, 1, -1, 1)",-8.968646684578929e-10,89.83845987084668,3.572422617396388e-11,3.1593708179777195e-09,9.079384397829924e-22,4.144171725538061e-15,0.9999960254743566,True
203,267,"(2, 3, 0, 1)","(1, -1, 1, 1)",1.554868132920013e-10,89.83845987070204,3.1895395947177516e-10,3.159370829273389e-09,2.964573186524744e-22,4.673498294993458e-15,0.9999960254743495,True
204,64,"(0, 3, 1, 2)","(-1, -1, -1, -1)",29.99999999891361,89.83845987064093,1.1347079639971982e-10,3.159370834039008e-09,2.964561995281232e-22,2.4759052117669906e-15,0.9999960254743465,True
205,336,"(3, 1, 2, 0)","(-1, -1, -1, -1)",30.000000000788877,89.83845987063846,1.4333201129757323e-10,3.159370834215883e-09,6.670323186988911e-22,2.5414166642833352e-15,0.9999960254743464,True
206,152,"(1, 2, 3, 0)","(1, -1, -1, -1)",2.0196444724040327e-09,89.83845987062524,7.021825246818628e-09,3.159370835281654e-09,7.411477915160805e-21,8.785037956327925e-15,0.9999960254743457,True
207,16,"(0, 1, 3, 2)","(-1, -1, -1, -1)",1.9824807720551368e-10,89.83845987056294,2.1513031187994728e-10,3.159370840040528e-09,6.670324979691172e-22,3.5341615223415233e-15,0.9999960254743427,True
208,173,"(1, 3, 0, 2)","(1, 1, -1, 1)",29.99999999994249,89.8384598705229,-6.946665560371984e-10,3.159370843217848e-09,9.07904817073624e-22,8.485280914831837e-15,0.9999960254743407,True
209,367,"(3, 2, 0, 1)","(1, 1, 1, 1)",-4.869246158047307e-10,89.83845987038282,29.999999999915765,3.1593708541602866e-09,7.415538550945871e-23,3.489704890724912e-15,0.9999960254743339,True
210,43,"(0, 2, 1, 3)","(1, -1, 1, 1)",9.780023222313912e-10,89.83845987028937,30.000000001981952,3.159370861573471e-09,7.41165982966494e-23,6.721511840805983e-15,0.9999960254743292,True
211,279,"(2, 3, 1, 0)","(-1, 1, 1, 1)",-2.816705713933725e-09,89.8384598701522,-9.543274477566493e-10,3.159370872163958e-09,2.9649813324949257e-22,5.487093148100849e-15,0.9999960254743225,True
212,280,"(2, 3, 1, 0)","(1, -1, -1, -1)",-2.816705713933725e-09,89.8384598701522,-9.543274477566493e-10,3.159370872163958e-09,2.9649813324949257e-22,5.487093148100849e-15,0.9999960254743225,True
213,353,"(3, 2, 0, 1)","(-1, -1, -1, 1)",1.2196537865434399e-09,89.8384598701375,30.00000000053262,3.1593708733993583e-09,1.6677163251767445e-22,3.2431690370603295e-15,0.9999960254743218,True
214,366,"(3, 2, 0, 1)","(1, 1, 1, -1)",1.2196537865434399e-09,89.8384598701375,30.00000000053262,3.1593708733993583e-09,1.6677163251767445e-22,3.2431690370603295e-15,0.9999960254743218,True
215,144,"(1, 2, 3, 0)","(-1, -1, -1, -1)",8.512861861567568e-10,89.83845987000457,9.878546861141705e-10,3.1593708838131176e-09,1.6678297404019085e-22,2.592634238871867e-15,0.9999960254743152,True
216,340,"(3, 1, 2, 0)","(-1, 1, -1, -1)",29.99999999939718,89.83845986992377,8.066803620317526e-10,3.1593708901671836e-09,7.414131050836311e-23,3.374785818259932e-15,0.9999960254743112,True
217,327,"(3, 1, 0, 2)","(-1, 1, 1, 1)",29.99999999918158,89.83845986981675,3.7481016585133556e-10,3.159370898465947e-09,3.131481773176471e-21,7.192783028893941e-15,0.999996025474306,True
218,328,"(3, 1, 0, 2)","(1, -1, -1, -1)",29.99999999918158,89.83845986981675,3.7481016585133556e-10,3.159370898465947e-09,3.131481773176471e-21,7.192783028893941e-15,0.999996025474306,True
219,79,"(0, 3, 1, 2)","(1, 1, 1, 1)",5.1857919295463e-11,89.83845986975257,-1.2063494239046204e-09,3.1593709035817403e-09,2.964562162250776e-22,2.846446711376743e-15,0.9999960254743028,True
220,288,"(3, 0, 1, 2)","(-1, -1, -1, -1)",30.000000000315477,89.83845986964802,-2.4509953850144303e-11,3.159370911700943e-09,2.9645907757045435e-22,3.1191801002388134e-15,0.9999960254742977,True
221,303,"(3, 0, 1, 2)","(1, 1, 1, 1)",30.000000000315477,89.83845986964802,-2.4509953850144303e-11,3.159370911700943e-09,2.9645907757045435e-22,3.1191801002388134e-15,0.9999960254742977,True
222,269,"(2, 3, 0, 1)","(1, 1, -1, 1)",29.99999999858438,89.83845986961748,-6.797156780259923e-10,3.1593709141717813e-09,7.411590025877095e-23,4.214950174042971e-15,0.9999960254742961,True
223,317,"(3, 0, 2, 1)","(1, 1, -1, 1)",30.00000000014605,89.83845986952872,-1.02253528994605e-09,3.1593709210555457e-09,1.6679875169730068e-22,3.845925372767128e-15,0.9999960254742918,True
224,383,"(3, 2, 1, 0)","(1, 1, 1, 1)",5.161756695641821e-10,89.83845986951377,30.000000000425747,3.1593709221144796e-09,7.41289187343455e-23,1.9526463347386344e-15,0.9999960254742911,True
225,257,"(2, 3, 0, 1)","(-1, -1, -1, 1)",-2.5852337739355606e-09,89.83845986948826,-5.377123425077772e-10,3.1593709242329214e-09,4.632156925176041e-22,4.812104995599651e-15,0.9999960254742898,True
226,24,"(0, 1, 3, 2)","(1, -1, -1, -1)",4.1528671796534377e-10,89.83845986937477,30.00000000172579,3.1593709330588637e-09,1.1858734882110174e-21,1.5585886404099554e-14,0.9999960254742842,True
227,139,"(1, 2, 0, 3)","(1, -1, 1, 1)",30.00000000030225,89.83845986925276,-1.841075713492946e-09,3.1593709425889898e-09,7.422017429438029e-23,5.299691985984321e-15,0.9999960254742782,True
228,65,"(0, 3, 1, 2)","(-1, -1, -1, 1)",-2.1016099120294793e-09,89.8384598691826,29.99999999899823,3.1593709480605707e-09,1.8530606651456886e-23,3.9968028886505635e-15,0.9999960254742748,True
229,209,"(2, 0, 3, 1)","(-1, -1, -1, 1)",-5.506669030444763e-09,89.83845986911506,1.061181295723985e-09,3.159370953355758e-09,7.411653313875856e-23,3.3820826609804605e-15,0.9999960254742715,True
230,222,"(2, 0, 3, 1)","(1, 1, 1, -1)",-5.506669030444763e-09,89.83845986911506,1.061181295723985e-09,3.159370953355758e-09,7.411653313875856e-23,3.3820826609804605e-15,0.9999960254742715,True
231,119,"(1, 0, 3, 2)","(-1, 1, 1, 1)",-1.1987209248274481e-09,89.83845986900049,29.999999995807627,3.1593709623574087e-09,2.048742730523107e-27,4.398127644817382e-15,0.9999960254742658,True
232,120,"(1, 0, 3, 2)","(1, -1, -1, -1)",-1.1987209248274481e-09,89.83845986900049,29.999999995807627,3.1593709623574087e-09,2.048742730523107e-27,4.398127644817382e-15,0.9999960254742658,True
233,33,"(0, 2, 1, 3)","(-1, -1, -1, 1)",30.000000000518078,89.83845986877803,2.507885272050618e-10,3.1593709798331972e-09,1.852857222111164e-21,7.229248575812844e-15,0.9999960254742548,True
234,46,"(0, 2, 1, 3)","(1, 1, 1, -1)",30.000000000518078,89.83845986877803,2.507885272050618e-10,3.1593709798331972e-09,1.852857222111164e-21,7.229248575812844e-15,0.9999960254742548,True
235,302,"(3, 0, 1, 2)","(1, 1, 1, -1)",1.7534251392270327e-09,89.83845986783403,30.000000002528232,3.159371053612426e-09,2.241974837366436e-21,5.571800744901529e-15,0.9999960254742084,True
236,66,"(0, 3, 1, 2)","(-1, -1, 1, -1)",29.999999999865366,89.8384598672815,-5.315942901360411e-10,3.159371096854059e-09,2.964578289391714e-22,2.704329487227188e-15,0.9999960254741812,True
237,292,"(3, 0, 1, 2)","(-1, 1, -1, -1)",1.0327078352327765e-09,89.83845986675068,29.999999999444277,3.159371138332964e-09,6.670679053484239e-22,5.267030330297353e-15,0.9999960254741551,True
238,168,"(1, 3, 0, 2)","(1, -1, -1, -1)",1.022677896027432e-09,89.83845986671808,-2.7357867701619165e-09,3.1593711409825315e-09,2.668162539888825e-21,5.880340382340778e-15,0.9999960254741534,True
239,148,"(1, 2, 3, 0)","(-1, 1, -1, -1)",30.000000000606,89.83845986543135,-1.2968248397047972e-09,3.1593712415880418e-09,6.6722672577973185e-22,7.242875823676482e-15,0.9999960254740902,True
240,23,"(0, 1, 3, 2)","(-1, 1, 1, 1)",29.99999999767949,89.83845986441526,-5.48553976113348e-09,3.159371321017026e-09,2.668129636723566e-21,5.21056262042368e-15,0.9999960254740402,True
241,300,"(3, 0, 1, 2)","(1, 1, -1, -1)",18.412287611094964,89.55074287954272,-42.75462623236204,558701280.8199755,558701280.8199753,5.824288570291575,0.9999692593920131,True
242,364,"(3, 2, 0, 1)","(1, 1, -1, -1)",-105.97305800451359,-630.2321444611462,-75.97256890483936,558701280.8199756,558701280.8199756,5.824288570291575,0.9999917919348004,True
243,156,"(1, 2, 3, 0)","(1, 1, -1, -1)",72.25742708037056,270.44736005553307,-84.51476537532344,558701280.8199759,558701280.8199756,5.824288570291575,0.9999695184574982,True
244,76,"(0, 3, 1, 2)","(1, 1, -1, -1)",6.901407693244218,89.64484905145332,22.418436648094062,558701280.8199761,558701280.819976,5.824288570291575,0.9999807890294232,True
245,51,"(0, 2, 3, 1)","(-1, -1, 1, 1)",-25.4195767906509,89.8461282657143,25.714278227970873,558701280.8199766,558701280.8199766,5.824288570291575,0.9999963938633812,True
246,124,"(1, 0, 3, 2)","(1, 1, -1, -1)",-271.9757387712665,-89.90621154623467,-235.14568219073908,558701280.8199766,558701280.8199766,5.824288570291575,0.9999986602511453,True
247,323,"(3, 1, 0, 2)","(-1, -1, 1, 1)",-30.390479659032593,90.78079135422682,-91.17105575782887,558701280.8199773,558701280.8199756,5.824288570291575,0.9999071486954281,True
248,28,"(0, 1, 3, 2)","(1, 1, -1, -1)",70.57219146159446,89.95317039780001,15.22510485353562,558701280.8199784,558701280.8199784,5.824288570291575,0.9999996659852446,True
249,179,"(1, 3, 2, 0)","(-1, -1, 1, 1)",83.2404007843328,88.9436581250475,-84.15239215223525,558701280.8199797,558701280.8199756,5.824288570291575,0.9998300498977749,False
250,35,"(0, 2, 1, 3)","(-1, -1, 1, 1)",-59.7565208615463,90.74405078677458,82.05289343609238,558701280.8199798,558701280.8199784,5.824288570291575,0.9999156813204553,True
251,83,"(0, 3, 2, 1)","(-1, -1, 1, 1)",75.53896743686175,-89.73637442101685,-13.142317513710658,558701280.8199799,558701280.8199799,5.824288570291576,0.9999894148000408,True
252,60,"(0, 2, 3, 1)","(1, 1, -1, -1)",-11.177581505634816,89.09541976515442,2.4170882215454017,558701280.8199812,558701280.8199781,5.824288570291575,0.9998753736410894,True
253,188,"(1, 3, 2, 0)","(1, 1, -1, -1)",83.24040078488423,88.94365813188426,-84.15239216284539,558701280.8199813,558701280.8199756,5.824288570291575,0.9998300498999747,True
254,291,"(3, 0, 1, 2)","(-1, -1, 1, 1)",-1204.3211491493612,4408.910060482973,1011.2444818316056,558701280.8199859,558701280.8199753,5.824288570291575,0.9998190675599153,False
255,268,"(2, 3, 0, 1)","(1, 1, -1, -1)",-6.2413967560756936,91.27398298066691,5.087361129952137,558701280.8199888,558701280.8199766,5.824288570291575,0.9997528081778815,True
256,12,"(0, 1, 2, 3)","(1, 1, -1, -1)",-9.003136136336348,91.22782428862409,10.134599489922094,558701280.8199888,558701280.8199784,5.824288570291575,0.9997703954130216,True
257,108,"(1, 0, 2, 3)","(1, 1, -1, -1)",2.6613033262384387,88.66084388752824,24.36725472627374,558701280.8199915,558701280.8199766,5.824288570291575,0.9997268712703797,True
258,220,"(2, 0, 3, 1)","(1, 1, -1, -1)",-10.171526222685912,88.61407481572932,-46.71001742711266,558701280.8199934,558701280.8199762,5.824288570291575,0.9997074614281077,True
259,243,"(2, 1, 3, 0)","(-1, -1, 1, 1)",-31.206898758096994,88.4383991678284,14.819488180362066,558701280.8200041,558701280.8199766,5.824288570291575,0.9996286034042728,True
260,332,"(3, 1, 0, 2)","(1, 1, -1, -1)",-3.773432410430711e-06,268.3648602916722,-158.9099098282381,558701280.8200097,558701280.8199766,5.824288570291575,0.9995928026023169,True
261,44,"(0, 2, 1, 3)","(1, 1, -1, -1)",-39.0300461053465,91.71908603554832,37.654094379765255,558701280.8200165,558701280.819976,5.824288570291575,0.9995499224154427,True
262,172,"(1, 3, 0, 2)","(1, 1, -1, -1)",-17.296776843511356,91.83728412650211,56.044893519346154,558701280.82003,558701280.8199772,5.824288570291575,0.9994859087990686,True
263,371,"(3, 2, 1, 0)","(-1, -1, 1, 1)",32.2589007330059,271.97110580510537,-109.26731398203398,558701280.8200465,558701280.8199766,5.824288570291575,0.9994082997127073,True
264,140,"(1, 2, 0, 3)","(1, 1, -1, -1)",-35.69792000244702,87.8259913255244,48.30510888840217,558701280.8200806,558701280.819977,5.824288570291576,0.9992802276172164,True
265,227,"(2, 1, 0, 3)","(-1, -1, 1, 1)",69.24331417058741,92.32381205851175,-103.86431087595825,558701280.8201113,558701280.819976,5.824288570291575,0.99917763009758,True
266,284,"(2, 3, 1, 0)","(1, 1, -1, -1)",-45.0,87.67847581353165,58.99002695486046,558701280.8201134,558701280.8199787,5.824288570291576,0.9991792483813191,True
267,19,"(0, 1, 3, 2)","(-1, -1, 1, 1)",64.06765295508974,92.35892595055655,0.0,558701280.8201282,558701280.8199846,5.824288570291575,0.9991525930748546,True
268,195,"(2, 0, 1, 3)","(-1, -1, 1, 1)",52.65090474750164,92.43377283552128,-131.7967842793751,558701280.8201414,558701280.8199787,5.824288570291575,0.9990979730427907,True
269,316,"(3, 0, 2, 1)","(1, 1, -1, -1)",58.189656674319394,87.4438914998233,3.6840864807690035,558701280.820174,558701280.819976,5.824288570291575,0.9990050270430101,True
270,252,"(2, 1, 3, 0)","(1, 1, -1, -1)",-51.075956124716676,87.41879960821022,43.50490165097908,558701280.8201817,558701280.8199759,5.824288570291575,0.9989854002957486,True
271,259,"(2, 3, 0, 1)","(-1, -1, 1, 1)",-57.61303986155566,87.32525761068766,-113.71942348357383,558701280.820214,558701280.8199767,5.824288570291575,0.9989105437687796,True
272,204,"(2, 0, 1, 3)","(1, 1, -1, -1)",-81.87320125244523,87.3075252759673,1.667965700705711,558701280.8202217,558701280.8199779,5.824288570291575,0.998896053347254,True
273,355,"(3, 2, 0, 1)","(-1, -1, 1, 1)",-27.906047634608814,87.28219016252555,44.70757679924589,558701280.8202299,558701280.8199768,5.824288570291575,0.9988751841215702,True
274,3,"(0, 1, 2, 3)","(-1, -1, 1, 1)",19.57232645950285,87.16460693845328,-25.30367746069219,558701280.8202765,558701280.8199768,5.824288570291575,0.9987757710324298,True
275,348,"(3, 1, 2, 0)","(1, 1, -1, -1)",-18.519326286820384,87.16051020476691,-21.237883682215514,558701280.8202773,558701280.8199759,5.824288570291575,0.9987722315330441,True
276,275,"(2, 3, 1, 0)","(-1, -1, 1, 1)",40.92815125137518,87.00568667250599,-26.571834032973303,558701280.8203487,558701280.819976,5.824288570291575,0.9986347242402186,True
277,307,"(3, 0, 2, 1)","(-1, -1, 1, 1)",280.4166070707354,273.00408293531007,-48.351656342099574,558701280.8203539,558701280.8199762,5.824288570291575,0.9986258027240066,True
278,163,"(1, 3, 0, 2)","(-1, -1, 1, 1)",779.5333509387982,986.6831646357031,30.15425840234821,558701280.8205384,558701280.8199772,5.824288570291576,0.9983248593329489,True
279,131,"(1, 2, 0, 3)","(-1, -1, 1, 1)",3.0567475121283687,93.68753736734125,-66.37081934076389,558701280.820834,558701280.8199768,5.824288570291575,0.9979296313439909,True
280,92,"(0, 3, 2, 1)","(1, 1, -1, -1)",74.14787207045751,-93.79884967361508,-17.065671948508882,558701280.8209434,558701280.8199778,5.824288570291575,0.9978027986709148,True
281,236,"(2, 1, 0, 3)","(1, 1, -1, -1)",176.50767653387683,274.2715623358351,-534.8140518075381,558701280.8215194,558701280.8199762,5.824288570291575,0.9972222249549479,True
282,99,"(1, 0, 2, 3)","(-1, -1, 1, 1)",7.120677702140177,94.45457316036615,26.218485388981794,558701280.8218031,558701280.8199781,5.824288570291575,0.996979226522492,True
283,67,"(0, 3, 1, 2)","(-1, -1, 1, 1)",7.972392367944916,85.52887418059365,-15.389040496050134,558701280.8218298,558701280.8199775,5.824288570291575,0.9969567465639878,True
284,339,"(3, 1, 2, 0)","(-1, -1, 1, 1)",8.322728151799154,95.19432280148646,2.4621938003181043,558701280.8233497,558701280.8199768,5.824288570291575,0.9958933741294512,True
285,380,"(3, 2, 1, 0)","(1, 1, -1, -1)",73.93407229999566,444.6767569959899,-147.5179309369829,558701280.8236969,558701280.8199767,5.824288570291575,0.9956871445602613,True
286,147,"(1, 2, 3, 0)","(-1, -1, 1, 1)",72.2697952088589,95.42594896556584,-19.211220307199724,558701280.8239933,558701280.8199779,5.824288570291575,0.9955192413289112,True
287,211,"(2, 0, 3, 1)","(-1, -1, 1, 1)",-52.73880193937233,97.3828773111072,63.11600923040395,558701280.8337245,558701280.8199784,5.824288570291575,0.9917096083156154,True
288,115,"(1, 0, 3, 2)","(-1, -1, 1, 1)",110.31696247113578,-72.52357518551084,12.108338305968916,558701281.2461158,558701280.8199778,5.824288570291575,0.9538405998053038,True
289,42,"(0, 2, 1, 3)","(1, -1, 1, -1)",-77.22615957849281,89.86008290876218,-79.77988312628331,1555169569.1589558,1555169569.1589558,4.9611663215734705,0.9999970182854844,True
290,165,"(1, 3, 0, 2)","(-1, 1, -1, 1)",-28.030556368083307,90.30286154093497,18.92620626861313,1555169569.1589608,1555169569.1589608,4.961166321573471,0.9999860294989069,True
291,325,"(3, 1, 0, 2)","(-1, 1, -1, 1)",7.842050104823981,-90.6323115062565,22.21228887032786,1555169569.1589615,1555169569.1589608,4.9611663215734705,0.9999391048784995,True
292,37,"(0, 2, 1, 3)","(-1, 1, -1, 1)",-77.22556557527962,89.86013627870831,-79.77986298472489,1555169569.1589649,1555169569.1589649,4.9611663215734705,0.9999970205597386,True
293,266,"(2, 3, 0, 1)","(1, -1, 1, -1)",-60.736537522126355,90.63188994152733,-53.053806533683506,1555169569.1589656,1555169569.1589649,4.9611663215734705,0.9999391860486743,True
294,170,"(1, 3, 0, 2)","(1, -1, 1, -1)",-28.03045465386875,90.30254510762,18.926467538153254,1555169569.158966,1555169569.1589656,4.961166321573471,0.9999860586766776,False
295,53,"(0, 2, 3, 1)","(-1, 1, -1, 1)",-40.375472447372935,89.18221992106938,46.52471366390117,1555169569.1589665,1555169569.1589644,4.9611663215734705,0.9998981431079028,True
296,202,"(2, 0, 1, 3)","(1, -1, 1, -1)",-32.79563009474824,89.25421296507095,-16.188617228202453,1555169569.158967,1555169569.1589656,4.9611663215734705,0.9999152873503243,True
297,373,"(3, 2, 1, 0)","(-1, 1, -1, 1)",50.822884383603096,89.32218687877806,34.59173229650121,1555169569.1589675,1555169569.1589665,4.961166321573471,0.9999300255299567,True
298,21,"(0, 1, 3, 2)","(-1, 1, -1, 1)",-53.956687049692746,89.22384571799797,2.3372959685662433,1555169569.1589682,1555169569.1589665,4.961166321573471,0.9999082482801226,True
299,261,"(2, 3, 0, 1)","(-1, 1, -1, 1)",23.03994870109078,91.1080050745217,42.196170215779034,1555169569.1589684,1555169569.1589615,4.961166321573471,0.9998130201944393,True
300,58,"(0, 2, 3, 1)","(1, -1, 1, -1)",-40.37548629302766,89.18221493638923,46.524708511417764,1555169569.1589687,1555169569.1589665,4.9611663215734705,0.9998981418662072,True
301,74,"(0, 3, 1, 2)","(1, -1, 1, -1)",193.3522137836294,89.52391415252968,-236.23245539436004,1555169569.1589687,1555169569.1589684,4.961166321573471,0.9999654782515496,True
302,117,"(1, 0, 3, 2)","(-1, 1, -1, 1)",-43.28143085246146,89.11934434152937,20.39021715646952,1555169569.15897,1555169569.1589673,4.961166321573471,0.9998818786371063,True
303,85,"(0, 3, 2, 1)","(-1, 1, -1, 1)",0.0,89.0309199075983,125.02041581975833,1555169569.1589706,1555169569.1589665,4.9611663215734705,0.9998569678290862,True
304,341,"(3, 1, 2, 0)","(-1, 1, -1, 1)",10.567999369439832,91.15898775871908,9.651618621375777,1555169569.1589777,1555169569.1589694,4.9611663215734705,0.9997954179016664,True
305,282,"(2, 3, 1, 0)","(1, -1, 1, -1)",27.984653586131632,91.28561264735345,82.64898666144293,1555169569.1589782,1555169569.1589656,4.9611663215734705,0.9997482747443553,True
306,293,"(3, 0, 1, 2)","(-1, 1, -1, 1)",-15.466238151681631,91.29868603164024,-7.961736925399816,1555169569.1589797,1555169569.1589665,4.961166321573471,0.999743129350106,True
307,250,"(2, 1, 3, 0)","(1, -1, 1, -1)",58.16225452121855,91.31133742813974,-50.842410363382605,1555169569.1589823,1555169569.1589684,4.961166321573471,0.9997381004840856,True
308,234,"(2, 1, 0, 3)","(1, -1, 1, -1)",-57.51339011364784,91.45023160848066,-46.61998923292689,1555169569.1589878,1555169569.1589673,4.961166321573471,0.9996796857305773,True
309,138,"(1, 2, 0, 3)","(1, -1, 1, -1)",313.0668999486108,271.57963515981163,194.40202156872903,1555169569.1589904,1555169569.1589615,4.961166321573471,0.999619976184421,True
310,330,"(3, 1, 0, 2)","(1, -1, 1, -1)",16.230629588910364,88.38495479345359,-152.73348497758735,1555169569.159,1555169569.1589684,4.9611663215734705,0.999602748679366,True
311,154,"(1, 2, 3, 0)","(1, -1, 1, -1)",96.29010703351176,88.36118834373889,-131.00887486021406,1555169569.1590023,1555169569.158969,4.961166321573471,0.9995909718297694,True
312,186,"(1, 3, 2, 0)","(1, -1, 1, -1)",-22.201657538888675,88.24907469343195,5.139084627811353,1555169569.1590085,1555169569.1589649,4.961166321573471,0.9995330975201844,True
313,229,"(2, 1, 0, 3)","(-1, 1, -1, 1)",-257.8172913681785,87.84526075587728,48.007056973844094,1555169569.1590672,1555169569.1589673,4.961166321573471,0.9992929290471213,True
314,181,"(1, 3, 2, 0)","(-1, 1, -1, 1)",35.04894835395088,87.64226313649904,75.43709995950756,1555169569.1591094,1555169569.158966,4.961166321573471,0.9991534470605264,True
315,10,"(0, 1, 2, 3)","(1, -1, 1, -1)",65.53705900345827,93.0224140461668,-9.762857152657567,1555169569.1593535,1555169569.1589665,4.9611663215734705,0.9986089845729335,True
316,5,"(0, 1, 2, 3)","(-1, 1, -1, 1)",65.53706174071358,93.02241554078238,-9.762858029346063,1555169569.1593542,1555169569.1589665,4.9611663215734705,0.9986089831975086,False
317,218,"(2, 0, 3, 1)","(1, -1, 1, -1)",41.258052434576996,86.81727851509108,-28.1452017339968,1555169569.1594408,1555169569.1589649,4.9611663215734705,0.9984575527038846,True
318,213,"(2, 0, 3, 1)","(-1, 1, -1, 1)",41.258104762719476,86.81738388369078,-28.14527631370098,1555169569.159442,1555169569.158966,4.961166321573471,0.998457654805832,True
319,378,"(3, 2, 1, 0)","(1, -1, 1, -1)",243.4984238121717,273.3846875167907,-199.00942796497748,1555169569.159574,1555169569.1589656,4.9611663215734705,0.9982556420952913,True
320,277,"(2, 3, 1, 0)","(-1, 1, -1, 1)",44.18907078859354,86.19152648763153,23.261028905573834,1555169569.159941,1555169569.1589656,4.961166321573471,0.9977916560874388,True
321,149,"(1, 2, 3, 0)","(-1, 1, -1, 1)",49.615096905953195,274.14031650010884,93.36435477230216,1555169569.1603281,1555169569.158966,4.961166321573471,0.9973902264209498,True
322,197,"(2, 0, 1, 3)","(-1, 1, -1, 1)",84.82943975364401,-1174.6981750476593,-504.7270678801236,1555169569.1612272,1555169569.1589694,4.9611663215734705,0.9966399961709144,True
323,101,"(1, 0, 2, 3)","(-1, 1, -1, 1)",-271.5127083523024,84.84772972725872,-33.93909029240047,1555169569.1622276,1555169569.1589625,4.9611663215734705,0.9959595537021487,True
324,346,"(3, 1, 2, 0)","(1, -1, 1, -1)",6.210233838108767,84.83007366588079,13.012189514112686,1555169569.1622772,1555169569.1589673,4.9611663215734705,0.9959318330642901,True
325,357,"(3, 2, 0, 1)","(-1, 1, -1, 1)",-105.16839346858598,84.81351667116307,-54.280230650774314,1555169569.1623182,1555169569.1589656,4.9611663215734705,0.9959057520731052,True
326,26,"(0, 1, 3, 2)","(1, -1, 1, -1)",43.37512818600848,-84.62482925065731,15.249986442998898,1555169569.162833,1555169569.1589656,4.961166321573471,0.9956026531637107,True
327,90,"(0, 3, 2, 1)","(1, -1, 1, -1)",-369.59849686021,-264.0769963372295,-228.59461673853238,1555169569.1646655,1555169569.1589656,4.9611663215734705,0.9946614668080807,True
328,69,"(0, 3, 1, 2)","(-1, 1, -1, 1)",-468.30170611708877,-636.5635632831466,77.55416047531665,1555169569.167558,1555169569.158966,4.961166321573471,0.993445657934677,True
329,362,"(3, 2, 0, 1)","(1, -1, 1, -1)",-549.8474138224669,-1897.3807567224158,-921.5882451619899,1555169569.172691,1555169569.1589608,4.961166321573471,0.9917143635542078,True
330,133,"(1, 2, 0, 3)","(-1, 1, -1, 1)",-855.9453240610305,-99.02954710065426,-699.9604671307234,1555169569.1896887,1555169569.1589742,4.961166321573471,0.9876075369206839,True
331,314,"(3, 0, 2, 1)","(1, -1, 1, -1)",35.599787335463596,-80.83375691661834,9.83324477954666,1555169569.1915796,1555169569.1589665,4.9611663215734705,0.9872302908338012,True
332,309,"(3, 0, 2, 1)","(-1, 1, -1, 1)",35.59978899068511,-80.8336878798349,9.83324546922229,1555169569.1915824,1555169569.1589684,4.961166321573471,0.9872300988899785,True
333,245,"(2, 1, 3, 0)","(-1, 1, -1, 1)",29.999999999999996,459.2515618712596,-1115.5931580910901,1555169569.1928089,1555169569.1589673,4.9611663215734705,0.9869919843839734,True
334,122,"(1, 0, 3, 2)","(1, -1, 1, -1)",0.3546043459126768,79.91681224478528,-36.52447934937903,1555169569.2066793,1555169569.1589673,4.961166321573471,0.9845545952782015,True
335,298,"(3, 0, 1, 2)","(1, -1, 1, -1)",21.626910024356068,102.05304201755649,9.54494691808396,1555169569.2561707,1555169569.1589718,4.961166321573471,0.9779547057320664,True
336,106,"(1, 0, 2, 3)","(1, -1, 1, -1)",37.44923748789227,257.682602321205,-277.2455532119947,1555169569.2649424,1555169569.158966,4.9611663215734705,0.976980843403557,True
337,22,"(0, 1, 3, 2)","(-1, 1, 1, -1)",-21.58749205067254,809.9154674330264,-447.2192078256042,1944408899.1796992,1944408899.1796992,5.261248420367226,0.9999989116394906,True
338,230,"(2, 1, 0, 3)","(-1, 1, 1, -1)",0.165504164618507,-269.498406565985,-48.05681277921205,1944408899.1797054,1944408899.1797051,5.261248420367225,0.9999616799866706,True
339,102,"(1, 0, 2, 3)","(-1, 1, 1, -1)",30.000530511472796,89.23778365326957,10.120193607580054,1944408899.1797068,1944408899.1797051,5.261248420367226,0.9999115139412454,True
340,246,"(2, 1, 3, 0)","(-1, 1, 1, -1)",36.717985650912865,449.54521715804924,-353.4610656697481,1944408899.1797085,1944408899.1797082,5.261248420367226,0.9999684985458502,True
341,118,"(1, 0, 3, 2)","(-1, 1, 1, -1)",43.64798304220185,90.59774437401862,22.507694255901466,1944408899.1797087,1944408899.1797082,5.2612484203672265,0.9999455808448758,True
342,105,"(1, 0, 2, 3)","(1, -1, -1, 1)",26.247654820582987,89.707781266697,-12.007504634469246,1944408899.1797094,1944408899.1797094,5.261248420367226,0.9999869941151124,True
343,73,"(0, 3, 1, 2)","(1, -1, -1, 1)",-429.0034159683617,448.76715771818726,-238.87062545174848,1944408899.1797113,1944408899.1797006,5.261248420367226,0.9997685149092899,True
344,150,"(1, 2, 3, 0)","(-1, 1, 1, -1)",-43.06789513044637,-89.70664705221529,6.013570012610151,1944408899.1797113,1944408899.1797113,5.261248420367226,0.9999868929576088,True
345,249,"(2, 1, 3, 0)","(1, -1, -1, 1)",-24.13933305527036,89.4450394836621,58.39619548843671,1944408899.1797132,1944408899.1797128,5.261248420367226,0.9999530921513399,True
346,361,"(3, 2, 0, 1)","(1, -1, -1, 1)",41.83664355020465,91.32530417747189,8.943783957614832,1944408899.1797194,1944408899.1797051,5.261248420367226,0.9997324921631651,True
347,313,"(3, 0, 2, 1)","(1, -1, -1, 1)",-326.5721018233732,88.79478400559552,25.714471307158043,1944408899.179721,1944408899.1797113,5.261248420367226,0.999778772812036,True
348,9,"(0, 1, 2, 3)","(1, -1, -1, 1)",69.8112743865794,88.63441063773496,-92.10847788477373,1944408899.1797256,1944408899.1797094,5.261248420367226,0.9997159829379381,True
349,297,"(3, 0, 1, 2)","(1, -1, -1, 1)",-56.18857633902421,91.7125612265133,-97.56854525751136,1944408899.1797526,1944408899.1797128,5.261248420367226,0.9995533322261493,True
350,169,"(1, 3, 0, 2)","(1, -1, -1, 1)",72.47435968947403,271.7787805897527,-54.35571434326454,1944408899.1797535,1944408899.179707,5.261248420367226,0.9995181247501103,True
351,345,"(3, 1, 2, 0)","(1, -1, -1, 1)",56.34365113407901,271.9190265602007,-146.20476995486547,1944408899.1797743,1944408899.1797113,5.261248420367226,0.9994391507919739,True
352,134,"(1, 2, 0, 3)","(-1, 1, 1, -1)",41.43419618575004,88.047701512843,67.33056500501719,1944408899.1797757,1944408899.1797082,5.261248420367226,0.9994195361805525,True
353,233,"(2, 1, 0, 3)","(1, -1, -1, 1)",45.40009353633631,-88.49960071385745,-11.996655654677083,1944408899.179791,1944408899.1797674,5.261248420367226,0.9996571425278515,True
354,166,"(1, 3, 0, 2)","(-1, 1, 1, -1)",109.6270976381324,-87.85234612077508,-151.1225048242684,1944408899.1798146,1944408899.1797159,5.261248420367226,0.9992975709389086,True
355,329,"(3, 1, 0, 2)","(1, -1, -1, 1)",14.32165393995148,-92.35021272806479,26.76374879913761,1944408899.179853,1944408899.1797113,5.261248420367226,0.9991588408123924,True
356,358,"(3, 2, 0, 1)","(-1, 1, 1, -1)",16.65396216234975,-87.60921985835637,-115.92618188132886,1944408899.179861,1944408899.1797094,5.261248420367226,0.9991295556628149,True
357,326,"(3, 1, 0, 2)","(-1, 1, 1, -1)",-35.433295794885794,87.43190024662391,-82.08898369056368,1944408899.1799145,1944408899.1797128,5.261248420367226,0.9989956714496608,True
358,137,"(1, 2, 0, 3)","(1, -1, -1, 1)",59.999397162651114,-87.29657080042598,20.000070922040653,1944408899.1799405,1944408899.1796927,5.261248420367226,0.998887053813043,True
359,294,"(3, 0, 1, 2)","(-1, 1, 1, -1)",-36.443631754526585,87.33830376964787,1.7563811520066368,1944408899.179941,1944408899.1797082,5.261248420367226,0.9989211436728878,True
360,25,"(0, 1, 3, 2)","(1, -1, -1, 1)",-41.96730675073154,92.67983040708275,-181.75454472497248,1944408899.1799474,1944408899.1797082,5.2612484203672265,0.9989063957555698,True
361,182,"(1, 3, 2, 0)","(-1, 1, 1, -1)",59.99995578483377,-87.29603848762906,20.000132645497956,1944408899.1799562,1944408899.1797082,5.261248420367226,0.9988866155667936,True
362,185,"(1, 3, 2, 0)","(1, -1, -1, 1)",60.00000896008733,-87.29584044167623,20.000035840349145,1944408899.1799574,1944408899.1797094,5.261248420367226,0.9988864524961127,True
363,89,"(0, 3, 2, 1)","(1, -1, -1, 1)",140.509592574691,-86.888637911957,19.651197551743138,1944408899.1801417,1944408899.179707,5.261248420367226,0.9985259265476775,True
364,262,"(2, 3, 0, 1)","(-1, 1, 1, -1)",-861.5834657712429,-273.5557630116651,29.54107992385262,1944408899.1804495,1944408899.1797082,5.2612484203672265,0.9980749103302397,True
365,54,"(0, 2, 3, 1)","(-1, 1, 1, -1)",45.00005891778202,86.37157439087427,-32.74930338035369,1944408899.1805131,1944408899.1797094,5.261248420367226,0.9979954539425059,True
366,310,"(3, 0, 2, 1)","(-1, 1, 1, -1)",46.597181621704344,85.88658428132187,-26.374925770024962,1944408899.1810308,1944408899.1797037,5.261248420367226,0.9974240145718412,True
367,41,"(0, 2, 1, 3)","(1, -1, -1, 1)",11.28404756581895,94.17346546323165,33.25983633009669,1944408899.1811178,1944408899.1797113,5.261248420367226,0.9973482879834843,True
368,201,"(2, 0, 1, 3)","(1, -1, -1, 1)",-40.29802768267844,85.76333399823838,-121.83513354768839,1944408899.1812081,1944408899.1797147,5.261248420367226,0.9972674047827708,True
369,38,"(0, 2, 1, 3)","(-1, 1, 1, -1)",-45.0,85.74666756527616,54.140953052416805,1944408899.181224,1944408899.179707,5.261248420367226,0.9972458731178354,True
370,6,"(0, 1, 2, 3)","(-1, 1, 1, -1)",-70.85405672585487,85.7194735649423,37.64699420006851,1944408899.1812599,1944408899.1797037,5.261248420367226,0.9972105595353609,True
371,121,"(1, 0, 3, 2)","(1, -1, -1, 1)",-6.624133656710038,85.62231393643916,-89.5451653418774,1944408899.1814117,1944408899.1797094,5.2612484203672265,0.9970825549662299,True
372,265,"(2, 3, 0, 1)","(1, -1, -1, 1)",65.50136818058402,94.78029055323812,65.53792524318423,1944408899.1821294,1944408899.1797094,5.261248420367226,0.9965215850281901,True
373,214,"(2, 0, 3, 1)","(-1, 1, 1, -1)",31.503842396604043,95.79248736785634,-8.180266434855726,1944408899.1849272,1944408899.1797128,5.261248420367226,0.9948939507950102,True
374,217,"(2, 0, 3, 1)","(1, -1, -1, 1)",0.0,96.02408171955615,-132.1163371102042,1944408899.1858115,1944408899.1797128,5.261248420367226,0.994477873658496,True
375,70,"(0, 3, 1, 2)","(-1, 1, 1, -1)",-58.655634194956406,83.68921919553928,-87.45378817640419,1944408899.1870522,1944408899.179707,5.261248420367226,0.9939402901934558,False
376,281,"(2, 3, 1, 0)","(1, -1, -1, 1)",76.45442343767581,-83.47707754588001,7.659061988841528,1944408899.1880805,1944408899.1796992,5.261248420367226,0.9935264866935493,True
377,278,"(2, 3, 1, 0)","(-1, 1, 1, -1)",76.45438976984592,-83.47677006537094,7.659205410003909,1944408899.188091,1944408899.1797082,5.261248420367226,0.9935258770356881,True
378,342,"(3, 1, 2, 0)","(-1, 1, 1, -1)",-441.6925871028925,-83.37688549658674,680.6633042494715,1944408899.188619,1944408899.1797082,5.261248420367226,0.9933263163386278,False
379,198,"(2, 0, 1, 3)","(-1, 1, 1, -1)",22.62359700169237,82.74814514563103,-22.5,1944408899.1925042,1944408899.179707,5.2612484203672265,0.9920008636807974,True
380,377,"(3, 2, 1, 0)","(1, -1, -1, 1)",75.11896431285597,-98.01329896452197,109.96444821699869,1944408899.1987765,1944408899.1797082,5.261248420367226,0.9902357384979315,True
381,374,"(3, 2, 1, 0)","(-1, 1, 1, -1)",690.7288583465573,998.2926334113129,712.6003674829357,1944408899.201577,1944408899.1797128,5.261248420367226,0.9895443409441316,True
382,153,"(1, 2, 3, 0)","(1, -1, -1, 1)",-19.84697975988389,80.91611112504773,50.86730741970594,1944408899.2111685,1944408899.1797094,5.261248420367226,0.9874582405248387,True
383,86,"(0, 3, 2, 1)","(-1, 1, 1, -1)",52.003057988673284,78.59730594819712,-45.548292134622486,1944408899.25763,1944408899.1797113,5.2612484203672265,0.9802618796752839,True
384,57,"(0, 2, 3, 1)","(1, -1, -1, 1)",28.24233866848785,71.07976386210781,28.24233866848785,1944408899.7635384,1944408899.1797094,5.261248420367226,0.9459708963249901,True
