variation,lab_axis,run_name,offset_mm,pair_id,nv_axis,nu_left_GHz,nu_right_GHz,splitting_MHz,pair_center_minus_D_eff_MHz,D_eff_GHz,nu_left_MHz,nu_right_MHz,nu0_left_MHz,delta_nu_left_MHz
Variation Along X,x,0cm-0.4mm,-0.4,1,d3,2.807769792246001,2.933507887648723,125.73809540272184,-0.9369951393600752,2.871575835086722,2807.769792246001,2933.507887648723,2810.708892569604,-2.9391003236028155
Variation Along X,x,0cm-0.4mm,-0.4,2,d2,2.818927689148876,2.923712783518038,104.78509436916195,-0.2555987532648629,2.871575835086722,2818.927689148876,2923.712783518038,2820.8853631008446,-1.9576739519684452
Variation Along X,x,0cm-0.4mm,-0.4,3,d4,2.835219820107587,2.9087466246514406,73.52680454385352,0.4073872927921051,2.871575835086722,2835.219820107587,2908.7466246514405,2834.466860439515,0.7529596680719806
Variation Along X,x,0cm-0.4mm,-0.4,4,d1,2.8460937795570054,2.8986283038161043,52.53452425909888,0.7852065998328328,2.871575835086722,2846.0937795570053,2898.628303816104,2844.3763128859005,1.7174666711048303
Variation Along X,x,0cm-0.3mm,-0.3,1,d3,2.808500211944492,2.9327116200287637,124.21140808427155,-0.9383571892191966,2.8715442731758465,2808.500211944492,2932.7116200287637,2810.708892569604,-2.2086806251118105
Variation Along X,x,0cm-0.3mm,-0.3,2,d2,2.819427105817509,2.9231686338118767,103.7415279943672,-0.2464033611531135,2.8715442731758465,2819.427105817509,2923.1686338118766,2820.8853631008446,-1.4582572833355698
Variation Along X,x,0cm-0.3mm,-0.3,3,d4,2.8350738731190126,2.908739959809738,73.66608669072549,0.3626432885290853,2.8715442731758465,2835.0738731190127,2908.739959809738,2834.466860439515,0.6070126794975295
Variation Along X,x,0cm-0.3mm,-0.3,4,d1,2.8456665621662807,2.8990662187091027,53.399656542822086,0.8221172618450012,2.8715442731758465,2845.6665621662805,2899.066218709103,2844.3763128859005,1.290249280380067
Variation Along X,x,0cm-0.2mm,-0.2,1,d3,2.809268793565025,2.932083732867021,122.81493930199572,-0.863177229899037,2.871539440445922,2809.268793565025,2932.083732867021,2810.708892569604,-1.4400990045787694
Variation Along X,x,0cm-0.2mm,-0.2,2,d2,2.819939146946853,2.922639435939584,102.70028899273063,-0.2501490027033703,2.871539440445922,2819.9391469468533,2922.639435939584,2820.8853631008446,-0.9462161539913723
Variation Along X,x,0cm-0.2mm,-0.2,3,d4,2.834803576171867,2.9090241050653893,74.22052889352227,0.3744001727064017,2.871539440445922,2834.803576171867,2909.0241050653894,2834.466860439515,0.3367157323518768
Variation Along X,x,0cm-0.2mm,-0.2,4,d1,2.8452493086049646,2.8993074244066714,54.05811580170683,0.7389260598964498,2.871539440445922,2845.2493086049644,2899.3074244066715,2844.3763128859005,0.8729957190639652
Variation Along X,x,0cm-0.1mm,-0.1,1,d3,2.809967306156772,2.931333536514859,121.3662303580878,-0.838336210025048,2.8714887575458405,2809.967306156772,2931.333536514859,2810.708892569604,-0.7415864128320209
Variation Along X,x,0cm-0.1mm,-0.1,2,d2,2.8204116833971917,2.922067015385335,101.6553319881437,-0.2494081545774129,2.8714887575458405,2820.4116833971916,2922.067015385335,2820.8853631008446,-0.47367970365303336
Variation Along X,x,0cm-0.1mm,-0.1,3,d4,2.834684609860815,2.908968411569067,74.2838017082521,0.337753169100452,2.8714887575458405,2834.684609860815,2908.968411569067,2834.466860439515,0.21774942129968622
Variation Along X,x,0cm-0.1mm,-0.1,4,d1,2.844775145116831,2.899702352365852,54.92720724902122,0.7499911955006766,2.8714887575458405,2844.775145116831,2899.702352365852,2844.3763128859005,0.39883223093056586
Variation Along X,x,0cm-0.0mm,0.0,1,d3,2.810708892569604,2.9305449588310166,119.83606626141264,-0.8256032156821469,2.8714525289159925,2810.708892569604,2930.5449588310166,2810.708892569604,0.0
Variation Along X,x,0cm-0.0mm,0.0,2,d2,2.8208853631008446,2.92159434613265,100.7089830318053,-0.2126742992452079,2.8714525289159925,2820.8853631008446,2921.59434613265,2820.8853631008446,0.0
Variation Along X,x,0cm-0.0mm,0.0,3,d4,2.834466860439515,2.9091256598107607,74.65879937124554,0.343731209145659,2.8714525289159925,2834.466860439515,2909.1256598107607,2834.466860439515,0.0
Variation Along X,x,0cm-0.0mm,0.0,4,d1,2.8443763128859003,2.8999178375576484,55.54152467174811,0.6945463057821399,2.8714525289159925,2844.3763128859005,2899.9178375576485,2844.3763128859005,0.0
Variation Along Y,y,0cm-0.4mm,-0.4,1,d3,2.8110795202871643,2.9282493353723766,117.16981508521228,-1.5226800601562118,2.8711871078899267,2811.0795202871645,2928.2493353723767,2810.718474974199,0.3610453129654161
Variation Along Y,y,0cm-0.4mm,-0.4,2,d2,2.8191011722706807,2.9231885025766493,104.08733030596862,-0.0422704662619288,2.8711871078899267,2819.1011722706808,2923.188502576649,2820.890454816311,-1.789282545630158
Variation Along Y,y,0cm-0.4mm,-0.4,3,d4,2.83550345726384,2.908082300981982,72.5788437181425,0.6057712329838871,2.8711871078899267,2835.5034572638397,2908.082300981982,2834.492983647766,1.0104736160737957
Variation Along Y,y,0cm-0.4mm,-0.4,4,d1,2.843311139690267,2.900981434676454,57.67029498618781,0.9591792934338096,2.8711871078899267,2843.311139690267,2900.9814346764542,2844.4111669477,-1.1000272574333394
Variation Along Y,y,0cm-0.3mm,-0.3,1,d3,2.8108955935203457,2.94597912469812,135.0835311777745,1.9876855718439224,2.876449673537389,2810.8955935203458,2945.9791246981204,2810.718474974199,0.17711854614663025
Variation Along Y,y,0cm-0.3mm,-0.3,2,d2,2.8195499358655565,2.9304146153658768,110.8646795003203,-1.4673979216723865,2.876449673537389,2819.5499358655566,2930.4146153658767,2820.890454816311,-1.3405189507543582
Variation Along Y,y,0cm-0.3mm,-0.3,3,d4,2.8352742678690963,2.922841392698627,87.56712482953066,2.608156746472634,2.876449673537389,2835.274267869096,2922.841392698627,2834.492983647766,0.7812842213302247
Variation Along Y,y,0cm-0.3mm,-0.3,4,d1,2.843645746706612,2.9029967115748767,59.35096486826463,-3.128444396644614,2.876449673537389,2843.645746706612,2902.996711574877,2844.4111669477,-0.7654202410881226
Variation Along Y,y,0cm-0.2mm,-0.2,1,d3,2.810847040944955,2.9303543344474416,119.5072935024868,-0.8446095803957832,2.871445297276594,2810.8470409449546,2930.3543344474415,2810.718474974199,0.1285659707555169
Variation Along Y,y,0cm-0.2mm,-0.2,2,d2,2.819997975037823,2.9224616132614027,102.46363822357996,-0.2155031269812646,2.871445297276594,2819.997975037823,2922.461613261403,2820.890454816311,-0.8924797784879956
Variation Along Y,y,0cm-0.2mm,-0.2,3,d4,2.834999217750475,2.908595385927802,73.5961681773274,0.3520045625444723,2.871445297276594,2834.9992177504746,2908.595385927802,2834.492983647766,0.5062341027087314
Variation Along Y,y,0cm-0.2mm,-0.2,4,d1,2.843830662895532,2.9004761479473204,56.64548505178857,0.7081081448321314,2.871445297276594,2843.830662895532,2900.4761479473204,2844.4111669477,-0.5805040521681804
Variation Along Y,y,0cm-0.1mm,-0.1,1,d3,2.810716697292584,2.958927613394481,148.21091610189717,9.814181735321448,2.875007973608211,2810.716697292584,2958.927613394481,2810.718474974199,-0.0017776816152945685
Variation Along Y,y,0cm-0.1mm,-0.1,2,d2,2.8204589425163684,2.9220496043144397,101.59066179807084,-3.753700192807408,2.875007973608211,2820.4589425163686,2922.04960431444,2820.890454816311,-0.4315122999423693
Variation Along Y,y,0cm-0.1mm,-0.1,3,d4,2.83480776653053,2.908800751883747,73.9929853532173,-3.203714401072588,2.875007973608211,2834.80776653053,2908.800751883747,2834.492983647766,0.3147828827641206
Variation Along Y,y,0cm-0.1mm,-0.1,4,d1,2.8441070016317105,2.900195411301828,56.08840967011686,-2.85676714144234,2.875007973608211,2844.1070016317103,2900.195411301828,2844.4111669477,-0.30416531598984875
Variation Along Y,y,0cm-0.0mm,0.0,1,d3,2.810718474974199,2.9305685567174846,119.85008174328549,-0.8283242124913492,2.871471840058333,2810.718474974199,2930.5685567174846,2810.718474974199,0.0
Variation Along Y,y,0cm-0.0mm,0.0,2,d2,2.8208904548163107,2.921623268939018,100.7328141227073,-0.2149781806690676,2.871471840058333,2820.890454816311,2921.623268939018,2820.890454816311,0.0
Variation Along Y,y,0cm-0.0mm,0.0,3,d4,2.834492983647766,2.909127241710297,74.63425806253099,0.3382726206981878,2.871471840058333,2834.492983647766,2909.127241710297,2834.492983647766,0.0
Variation Along Y,y,0cm-0.0mm,0.0,4,d1,2.8444111669477,2.899942572713892,55.53140576619153,0.7050297724626731,2.871471840058333,2844.4111669477,2899.9425727138923,2844.4111669477,0.0
Variation Along Z,z,6.8cm-0.5mm,-0.5,1,d3,2.807903768512599,2.9336894913453024,125.7857228327035,-0.8997052426953367,2.871696335171646,2807.903768512599,2933.6894913453025,2806.329458277993,1.5743102346059459
Variation Along Z,z,6.8cm-0.5mm,-0.5,2,d2,2.818881663586616,2.923999707997023,105.11804441040697,-0.2556493798264725,2.871696335171646,2818.881663586616,2923.999707997023,2820.707386660703,-1.825723074086909
Variation Along Z,z,6.8cm-0.5mm,-0.5,3,d4,2.832444092083822,2.911727704065665,79.28361198184275,0.3895629030976621,2.871696335171646,2832.444092083822,2911.727704065665,2831.5561720735172,0.8879200103046969
Variation Along Z,z,6.8cm-0.5mm,-0.5,4,d1,2.8431707609640338,2.901753492818105,58.58273185407148,0.7657917194237029,2.871696335171646,2843.170760964034,2901.753492818105,2844.5521652610787,-1.38140429704481
Variation Along Z,z,6.8cm-0.4mm,-0.4,1,d3,2.8084986310110684,2.932921457111275,124.42282610020648,-0.8949029130480568,2.8716049469742195,2808.4986310110685,2932.921457111275,2806.329458277993,2.1691727330753565
Variation Along Z,z,6.8cm-0.4mm,-0.4,2,d2,2.819320044879731,2.923458300769493,104.13825588976256,-0.2157741496073839,2.8716049469742195,2819.320044879731,2923.458300769493,2820.707386660703,-1.3873417809718376
Variation Along Z,z,6.8cm-0.4mm,-0.4,3,d4,2.8328543053484583,2.910998458117155,78.1441527686968,0.3214347585869248,2.8716049469742195,2832.854305348458,2910.998458117155,2831.5561720735172,1.2981332749409376
Variation Along Z,z,6.8cm-0.4mm,-0.4,4,d1,2.843437282271892,2.901351096284684,57.913814012791946,0.7892423040685159,2.8716049469742195,2843.437282271892,2901.351096284684,2844.5521652610787,-1.1148829891867535
Variation Along Z,z,6.8cm-0.3mm,-0.3,1,d3,2.8090329123729183,2.93236808069414,123.33516832122184,-0.8610284698820081,2.871561525003411,2809.0329123729184,2932.36808069414,2806.329458277993,2.7034540949252914
Variation Along Z,z,6.8cm-0.3mm,-0.3,2,d2,2.81969957242957,2.922999121423854,103.29954899428408,-0.2121780766994874,2.871561525003411,2819.69957242957,2922.999121423854,2820.707386660703,-1.0078142311331248
Variation Along Z,z,6.8cm-0.3mm,-0.3,3,d4,2.8333121081579007,2.910423076825613,77.1109686677125,0.3060674883457182,2.871561525003411,2833.3121081579006,2910.4230768256134,2831.5561720735172,1.7559360843833929
Variation Along Z,z,6.8cm-0.3mm,-0.3,4,d1,2.843702545350774,2.900954782772522,57.25223742174812,0.7671390582366655,2.871561525003411,2843.702545350774,2900.954782772522,2844.5521652610787,-0.849619910304682
Variation Along Z,z,6.8cm-0.2mm,-0.2,1,d3,2.8096614058239804,2.931717234538436,122.0558287144553,-0.8294333593790171,2.8715187535405877,2809.66140582398,2931.717234538436,2806.329458277993,3.3319475459870773
Variation Along Z,z,6.8cm-0.2mm,-0.2,2,d2,2.8200796509761865,2.922491804734134,102.41215375794744,-0.2330256854268242,2.8715187535405877,2820.0796509761867,2922.491804734134,2820.707386660703,-0.6277356845162103
Variation Along Z,z,6.8cm-0.2mm,-0.2,3,d4,2.8337227995428558,2.9099814517555336,76.25865221267824,0.3333721086073993,2.8715187535405877,2833.7227995428557,2909.9814517555337,2831.5561720735172,2.1666274693384366
Variation Along Z,z,6.8cm-0.2mm,-0.2,4,d1,2.843915571342537,2.9005801096110315,56.66453826849471,0.7290869361966656,2.8715187535405877,2843.9155713425366,2900.5801096110317,2844.5521652610787,-0.6365939185420757
Variation Along Z,z,6.8cm-0.1mm,-0.1,1,d3,2.8102012138820123,2.931156306078756,120.95509219674396,-0.8006849556334572,2.8714794449360177,2810.2012138820123,2931.156306078756,2806.329458277993,3.8717556040191994
Variation Along Z,z,6.8cm-0.1mm,-0.1,2,d2,2.820507313043696,2.922029019173107,101.52170612941092,-0.2112788276162902,2.8714794449360177,2820.507313043696,2922.029019173107,2820.707386660703,-0.20007361700709225
Variation Along Z,z,6.8cm-0.1mm,-0.1,3,d4,2.834091714531889,2.909493771416766,75.40205688487677,0.3132980383098172,2.8714794449360177,2834.091714531889,2909.493771416766,2831.5561720735172,2.535542458371765
Variation Along Z,z,6.8cm-0.1mm,-0.1,4,d1,2.844170594040475,2.9001856273214384,56.015033280963245,0.6986657449390421,2.8714794449360177,2844.170594040475,2900.1856273214385,2844.5521652610787,-0.38157122060374604
Variation Along Z,z,6.8cm-0.0mm,0.0,1,d3,2.806329458277993,2.9313197152368726,124.99025695887944,-1.7372999025182525,2.870561886659951,2806.329458277993,2931.3197152368725,2806.329458277993,0.0
Variation Along Z,z,6.8cm-0.0mm,0.0,2,d2,2.820707386660703,2.921525092090193,100.81770542949008,0.5543527154969752,2.870561886659951,2820.707386660703,2921.525092090193,2820.707386660703,0.0
Variation Along Z,z,6.8cm-0.0mm,0.0,3,d4,2.831556172073517,2.909134161617493,77.57798954397632,-0.2167198144458204,2.870561886659951,2831.5561720735172,2909.134161617493,2831.5561720735172,0.0
Variation Along Z,z,6.8cm-0.0mm,0.0,4,d1,2.844552165261079,2.8993709420617564,54.8187768006776,1.3996670014666537,2.870561886659951,2844.5521652610787,2899.3709420617565,2844.5521652610787,0.0
