pair_id,left_dip_id_sorted,right_dip_id_sorted,left_center_x1_GHz,right_center_x1_GHz,left_center_x1_err_MHz,right_center_x1_err_MHz,pair_center_GHz,pair_center_minus_D_eff_MHz,splitting_GHz,splitting_MHz,zeeman_half_MHz,left_contrast,right_contrast,D_eff_GHz,variation,lab_axis,run_name,offset_mm
1,1,8,2.807769792246001,2.933507887648723,0.080459817277459,0.0986314368792433,2.870638839947362,-0.9369951393600752,0.1257380954027218,125.73809540272184,62.86904770136093,0.0116288654703858,0.0093663081436544,2.871575835086722,Variation Along X,x,0cm-0.4mm,-0.4
2,2,7,2.818927689148876,2.923712783518038,0.0332218845579826,0.043665067929984,2.871320236333457,-0.2555987532648629,0.1047850943691619,104.78509436916195,52.39254718458098,0.0282780199375424,0.0216488953982521,2.871575835086722,Variation Along X,x,0cm-0.4mm,-0.4
3,3,6,2.835219820107587,2.9087466246514406,0.0694843137739209,0.072434680901449,2.871983222379514,0.4073872927921051,0.0735268045438535,73.52680454385352,36.76340227192676,0.0134475989010458,0.0129714282313043,2.871575835086722,Variation Along X,x,0cm-0.4mm,-0.4
4,4,5,2.8460937795570054,2.8986283038161043,0.0372572824015057,0.0404094841633324,2.872361041686555,0.7852065998328328,0.0525345242590988,52.53452425909888,26.26726212954944,0.0250948111951598,0.0232712626872551,2.871575835086722,Variation Along X,x,0cm-0.4mm,-0.4
1,1,8,2.808500211944492,2.9327116200287637,0.0941344282811624,0.0989653154536192,2.8706059159866277,-0.9383571892191966,0.1242114080842715,124.21140808427155,62.10570404213578,0.0113041411859816,0.0109567701491466,2.8715442731758465,Variation Along X,x,0cm-0.3mm,-0.3
2,2,7,2.819427105817509,2.9231686338118767,0.036790164887484,0.0549415351177979,2.8712978698146934,-0.2464033611531135,0.1037415279943672,103.7415279943672,51.8707639971836,0.0293764831504785,0.0197234244791088,2.8715442731758465,Variation Along X,x,0cm-0.3mm,-0.3
3,3,6,2.8350738731190126,2.908739959809738,0.0693986473999907,0.0755593590360074,2.871906916464376,0.3626432885290853,0.0736660866907255,73.66608669072549,36.833043345362746,0.0154524237405436,0.0143289591188601,2.8715442731758465,Variation Along X,x,0cm-0.3mm,-0.3
4,4,5,2.8456665621662807,2.8990662187091027,0.0426611367460202,0.0498678204903666,2.8723663904376915,0.8221172618450012,0.053399656542822,53.399656542822086,26.699828271411043,0.0254726646712127,0.0215662507014458,2.8715442731758465,Variation Along X,x,0cm-0.3mm,-0.3
1,1,8,2.809268793565025,2.932083732867021,0.0774855773110487,0.0897960545894891,2.8706762632160228,-0.863177229899037,0.1228149393019957,122.81493930199572,61.40746965099786,0.0131634409243917,0.0111904943734507,2.871539440445922,Variation Along X,x,0cm-0.2mm,-0.2
2,2,7,2.819939146946853,2.922639435939584,0.0352464104996551,0.0501733315123398,2.8712892914432184,-0.2501490027033703,0.1027002889927306,102.70028899273063,51.35014449636533,0.0291050701175058,0.0202196240430854,2.871539440445922,Variation Along X,x,0cm-0.2mm,-0.2
3,3,6,2.834803576171867,2.9090241050653893,0.0686369200923685,0.0843088145566571,2.871913840618628,0.3744001727064017,0.0742205288935222,74.22052889352227,37.110264446761136,0.0149080903255805,0.0119296231900458,2.871539440445922,Variation Along X,x,0cm-0.2mm,-0.2
4,4,5,2.8452493086049646,2.8993074244066714,0.0398278129179185,0.0466319149150354,2.8722783665058182,0.7389260598964498,0.0540581158017068,54.05811580170683,27.029057900853417,0.0257725229879587,0.0219583273230563,2.871539440445922,Variation Along X,x,0cm-0.2mm,-0.2
1,1,8,2.809967306156772,2.931333536514859,0.0598731967310462,0.0721143212251979,2.8706504213358155,-0.838336210025048,0.1213662303580878,121.3662303580878,60.6831151790439,0.0130501415121296,0.0109219631232774,2.8714887575458405,Variation Along X,x,0cm-0.1mm,-0.1
2,2,7,2.8204116833971917,2.922067015385335,0.0276791708574448,0.0396619485722547,2.871239349391263,-0.2494081545774129,0.1016553319881437,101.6553319881437,50.82766599407185,0.0285939234702194,0.0198567325503316,2.8714887575458405,Variation Along X,x,0cm-0.1mm,-0.1
3,3,6,2.834684609860815,2.908968411569067,0.0552765182097237,0.0620065146472085,2.871826510714941,0.337753169100452,0.0742838017082521,74.2838017082521,37.14190085412605,0.0142321023879143,0.0125872606554908,2.8714887575458405,Variation Along X,x,0cm-0.1mm,-0.1
4,4,5,2.844775145116831,2.899702352365852,0.0303706670028161,0.0344801864108018,2.872238748741341,0.7499911955006766,0.0549272072490212,54.92720724902122,27.46360362451061,0.0262620097723014,0.0229931655767628,2.8714887575458405,Variation Along X,x,0cm-0.1mm,-0.1
1,1,8,2.810708892569604,2.9305449588310166,0.0899872882232949,0.1067288220987256,2.8706269257003103,-0.8256032156821469,0.1198360662614126,119.83606626141264,59.91803313070632,0.0117761275463318,0.0098107888097167,2.8714525289159925,Variation Along X,x,0cm-0.0mm,-0.0
2,2,7,2.8208853631008446,2.92159434613265,0.0374736552986972,0.0506024190122298,2.8712398546167472,-0.2126742992452079,0.1007089830318053,100.7089830318053,50.35449151590265,0.0283988347087182,0.0208311504334048,2.8714525289159925,Variation Along X,x,0cm-0.0mm,-0.0
3,3,6,2.834466860439515,2.9091256598107607,0.078251586078479,0.0793275084373754,2.871796260125138,0.343731209145659,0.0746587993712455,74.65879937124554,37.32939968562277,0.0133982048611943,0.0132718203109214,2.8714525289159925,Variation Along X,x,0cm-0.0mm,-0.0
4,4,5,2.8443763128859003,2.8999178375576484,0.0416133696959936,0.0474211928049214,2.8721470752217746,0.6945463057821399,0.0555415246717481,55.54152467174811,27.770762335874053,0.0255417769567072,0.0222718713645982,2.8714525289159925,Variation Along X,x,0cm-0.0mm,-0.0
1,1,8,2.8110795202871643,2.9282493353723766,0.0938142304998361,0.1260773547208715,2.8696644278297705,-1.5226800601562118,0.1171698150852122,117.16981508521228,58.58490754260615,0.0140504820478834,0.0110192116823635,2.8711871078899267,Variation Along Y,y,0cm-0.4mm,-0.4
2,2,7,2.8191011722706807,2.9231885025766493,0.0434288044236072,0.0922568438424793,2.8711448374236648,-0.0422704662619288,0.1040873303059686,104.08733030596862,52.04366515298431,0.0307116714796759,0.0149651400714868,2.8711871078899267,Variation Along Y,y,0cm-0.4mm,-0.4
3,3,6,2.83550345726384,2.908082300981982,0.088968161386114,0.082532378963307,2.8717928791229106,0.6057712329838871,0.0725788437181425,72.5788437181425,36.28942185907125,0.0148138882064724,0.0160496998597268,2.8711871078899267,Variation Along Y,y,0cm-0.4mm,-0.4
4,4,5,2.843311139690267,2.900981434676454,0.0532439888681435,0.0562173899917532,2.8721462871833605,0.9591792934338096,0.0576702949861878,57.67029498618781,28.835147493093903,0.0251278836873983,0.0236646647095281,2.8711871078899267,Variation Along Y,y,0cm-0.4mm,-0.4
1,1,8,2.8108955935203457,2.94597912469812,0.1735483878739454,0.8069627990837184,2.878437359109233,1.9876855718439224,0.1350835311777745,135.0835311777745,67.54176558888724,0.0117270709182413,0.0024969759617309,2.876449673537389,Variation Along Y,y,0cm-0.3mm,-0.3
2,2,7,2.8195499358655565,2.9304146153658768,0.0794475943349253,0.2427961213821665,2.8749822756157166,-1.4673979216723865,0.1108646795003203,110.8646795003203,55.43233975016015,0.0261426646791536,0.0084882305962804,2.876449673537389,Variation Along Y,y,0cm-0.3mm,-0.3
3,3,6,2.8352742678690963,2.922841392698627,0.1639574215586646,0.1197317479090537,2.8790578302838616,2.608156746472634,0.0875671248295306,87.56712482953066,43.78356241476533,0.0124700931333568,0.0173913267305452,2.876449673537389,Variation Along Y,y,0cm-0.3mm,-0.3
4,4,5,2.843645746706612,2.9029967115748767,0.0850547089644703,0.1009308660709462,2.8733212291407444,-3.128444396644614,0.0593509648682646,59.35096486826463,29.67548243413232,0.0243931032123707,0.0202983629566322,2.876449673537389,Variation Along Y,y,0cm-0.3mm,-0.3
1,1,8,2.810847040944955,2.9303543344474416,0.0751418057177913,0.0793263667338596,2.8706006876961982,-0.8446095803957832,0.1195072935024867,119.5072935024868,59.753646751243394,0.0122580853873525,0.0116364799959567,2.871445297276594,Variation Along Y,y,0cm-0.2mm,-0.2
2,2,7,2.819997975037823,2.9224616132614027,0.0318177033715895,0.0431757915730164,2.8712297941496128,-0.2155031269812646,0.1024636382235799,102.46363822357996,51.23181911178997,0.0289924999990583,0.0212922601393443,2.871445297276594,Variation Along Y,y,0cm-0.2mm,-0.2
3,3,6,2.834999217750475,2.908595385927802,0.0609789804447675,0.0672202295713644,2.8717973018391385,0.3520045625444723,0.0735961681773273,73.5961681773274,36.7980840886637,0.0149915244337695,0.0136716767878118,2.871445297276594,Variation Along Y,y,0cm-0.2mm,-0.2
4,4,5,2.843830662895532,2.9004761479473204,0.0353053193747876,0.0432195890948073,2.872153405421426,0.7081081448321314,0.0566454850517885,56.64548505178857,28.322742525894284,0.0262980180779239,0.0213080183805103,2.871445297276594,Variation Along Y,y,0cm-0.2mm,-0.2
1,1,8,2.810716697292584,2.958927613394481,0.1092766632140098,1.1806064763930912,2.8848221553435325,9.814181735321448,0.1482109161018971,148.21091610189717,74.10545805094858,0.0117369286168897,0.0014860785529906,2.875007973608211,Variation Along Y,y,0cm-0.1mm,-0.1
2,2,7,2.8204589425163684,2.9220496043144397,0.0450769429808923,0.0666402382668025,2.871254273415404,-3.753700192807408,0.1015906617980708,101.59066179807084,50.79533089903543,0.0285514301055496,0.0192007578696463,2.875007973608211,Variation Along Y,y,0cm-0.1mm,-0.1
3,3,6,2.83480776653053,2.908800751883747,0.0933846867900861,0.1090712198173535,2.8718042592071384,-3.203714401072588,0.0739929853532173,73.9929853532173,36.99649267660865,0.0137533218177678,0.0117717533362357,2.875007973608211,Variation Along Y,y,0cm-0.1mm,-0.1
4,4,5,2.8441070016317105,2.900195411301828,0.051173419948079,0.0621767579377003,2.8721512064667687,-2.85676714144234,0.0560884096701168,56.08840967011686,28.04420483505843,0.025142074377651,0.0207564960503082,2.875007973608211,Variation Along Y,y,0cm-0.1mm,-0.1
1,1,8,2.810718474974199,2.9305685567174846,0.0705795275068393,0.08717485307431,2.870643515845842,-0.8283242124913492,0.1198500817432854,119.85008174328549,59.92504087164274,0.0121115428147029,0.0096629128460377,2.871471840058333,Variation Along Y,y,0cm-0.0mm,-0.0
2,2,7,2.8208904548163107,2.921623268939018,0.0286200555443662,0.0415622565126946,2.871256861877664,-0.2149781806690676,0.1007328141227072,100.7328141227073,50.36640706135365,0.029965840219661,0.0205742658317355,2.871471840058333,Variation Along Y,y,0cm-0.0mm,-0.0
3,3,6,2.834492983647766,2.909127241710297,0.0596018517893653,0.0635482557794736,2.8718101126790314,0.3382726206981878,0.0746342580625309,74.63425806253099,37.317129031265495,0.0142373579323257,0.0134411839531051,2.871471840058333,Variation Along Y,y,0cm-0.0mm,-0.0
4,4,5,2.8444111669477,2.899942572713892,0.0318701063226397,0.040171342407472,2.872176869830796,0.7050297724626731,0.0555314057661915,55.53140576619153,27.765702883095766,0.0267622098411686,0.0211150670809724,2.871471840058333,Variation Along Y,y,0cm-0.0mm,-0.0
1,1,8,2.807903768512599,2.9336894913453024,0.0684252894172375,0.0915440993006984,2.8707966299289507,-0.8997052426953367,0.1257857228327035,125.7857228327035,62.89286141635175,0.0124328638758615,0.0092820309919438,2.871696335171646,Variation Along Z,z,6.8cm-0.5mm,-0.5
2,2,7,2.818881663586616,2.923999707997023,0.0290736072010808,0.043224046170437,2.8714406857918195,-0.2556493798264725,0.1051180444104069,105.11804441040697,52.55902220520348,0.0295462299624245,0.019579686990263,2.871696335171646,Variation Along Z,z,6.8cm-0.5mm,-0.5
3,3,6,2.832444092083822,2.911727704065665,0.0635744307413414,0.0619197938228093,2.872085898074744,0.3895629030976621,0.0792836119818427,79.28361198184275,39.64180599092138,0.0133010126373411,0.0137848284351457,2.871696335171646,Variation Along Z,z,6.8cm-0.5mm,-0.5
4,4,5,2.8431707609640338,2.901753492818105,0.0347055855577639,0.0400904012237566,2.8724621268910697,0.7657917194237029,0.0585827318540714,58.58273185407148,29.29136592703574,0.0247587770670738,0.0214377244099583,2.871696335171646,Variation Along Z,z,6.8cm-0.5mm,-0.5
1,1,8,2.8084986310110684,2.932921457111275,0.0804981215477689,0.1062200367839973,2.8707100440611715,-0.8949029130480568,0.1244228261002065,124.42282610020648,62.211413050103246,0.0122474956109701,0.0093119298702948,2.8716049469742195,Variation Along Z,z,6.8cm-0.4mm,-0.4
2,2,7,2.819320044879731,2.923458300769493,0.0352467680864102,0.0544063919164197,2.871389172824612,-0.2157741496073839,0.1041382558897625,104.13825588976256,52.06912794488128,0.028610397328241,0.0182076065922396,2.8716049469742195,Variation Along Z,z,6.8cm-0.4mm,-0.4
3,3,6,2.8328543053484583,2.910998458117155,0.0675266312371919,0.0770298298443439,2.8719263817328065,0.3214347585869248,0.0781441527686968,78.1441527686968,39.0720763843484,0.0147330687595617,0.0128001687393067,2.8716049469742195,Variation Along Z,z,6.8cm-0.4mm,-0.4
4,4,5,2.843437282271892,2.901351096284684,0.0392160022325188,0.0477858670074445,2.872394189278288,0.7892423040685159,0.0579138140127919,57.913814012791946,28.956907006395973,0.0254196401935517,0.0209412760997384,2.8716049469742195,Variation Along Z,z,6.8cm-0.4mm,-0.4
1,1,8,2.8090329123729183,2.93236808069414,0.0701605942857952,0.0853123096853918,2.870700496533529,-0.8610284698820081,0.1233351683212218,123.33516832122184,61.66758416061092,0.0123679032282544,0.0102522476050223,2.871561525003411,Variation Along Z,z,6.8cm-0.3mm,-0.3
2,2,7,2.81969957242957,2.922999121423854,0.0296990165529039,0.0441094503285305,2.871349346926712,-0.2121780766994874,0.103299548994284,103.29954899428408,51.64977449714203,0.0299358556015608,0.0198801402209414,2.871561525003411,Variation Along Z,z,6.8cm-0.3mm,-0.3
3,3,6,2.8333121081579007,2.910423076825613,0.0604323334830694,0.0699844622685113,2.871867592491757,0.3060674883457182,0.0771109686677125,77.1109686677125,38.55548433385625,0.0146072252455007,0.012471007367176,2.871561525003411,Variation Along Z,z,6.8cm-0.3mm,-0.3
4,4,5,2.843702545350774,2.900954782772522,0.0343187516618351,0.0397682412554641,2.872328664061648,0.7671390582366655,0.0572522374217481,57.25223742174812,28.62611871087406,0.0258233331498608,0.0220325657718369,2.871561525003411,Variation Along Z,z,6.8cm-0.3mm,-0.3
1,1,8,2.8096614058239804,2.931717234538436,0.0719984200798651,0.0981064778712227,2.8706893201812083,-0.8294333593790171,0.1220558287144553,122.0558287144553,61.02791435722765,0.0128801325909366,0.0094499452867031,2.8715187535405877,Variation Along Z,z,6.8cm-0.2mm,-0.2
2,2,7,2.8200796509761865,2.922491804734134,0.0307346730974925,0.0454085205359912,2.8712857278551605,-0.2330256854268242,0.1024121537579474,102.41215375794744,51.20607687897372,0.0303422776283805,0.0203147523071387,2.8715187535405877,Variation Along Z,z,6.8cm-0.2mm,-0.2
3,3,6,2.8337227995428558,2.9099814517555336,0.0718922861899819,0.0634460195779501,2.8718521256491947,0.3333721086073993,0.0762586522126782,76.25865221267824,38.12932610633912,0.012912196539002,0.014558151292739,2.8715187535405877,Variation Along Z,z,6.8cm-0.2mm,-0.2
4,4,5,2.843915571342537,2.9005801096110315,0.0366048270037877,0.0391952979838977,2.872247840476784,0.7290869361966656,0.0566645382684947,56.66453826849471,28.332269134247355,0.0254665439936084,0.02374973390286,2.8715187535405877,Variation Along Z,z,6.8cm-0.2mm,-0.2
1,1,8,2.8102012138820123,2.931156306078756,0.0700546992301403,0.0901389655746386,2.870678759980384,-0.8006849556334572,0.1209550921967439,120.95509219674396,60.47754609837197,0.0124911569651208,0.009675703354828,2.8714794449360177,Variation Along Z,z,6.8cm-0.1mm,-0.1
2,2,7,2.820507313043696,2.922029019173107,0.0308790815347709,0.0450012357362509,2.8712681661084014,-0.2112788276162902,0.1015217061294109,101.52170612941092,50.76085306470546,0.0285189064421685,0.019454360986195,2.8714794449360177,Variation Along Z,z,6.8cm-0.1mm,-0.1
3,3,6,2.834091714531889,2.909493771416766,0.0613941855460411,0.0626972369323264,2.8717927429743275,0.3132980383098172,0.0754020568848767,75.40205688487677,37.70102844243839,0.0141537663449111,0.0138674156616697,2.8714794449360177,Variation Along Z,z,6.8cm-0.1mm,-0.1
4,4,5,2.844170594040475,2.9001856273214384,0.0332831012689171,0.0403471403966348,2.8721781106809567,0.6986657449390421,0.0560150332809632,56.015033280963245,28.007516640481622,0.0266030399340654,0.0218011714530688,2.8714794449360177,Variation Along Z,z,6.8cm-0.1mm,-0.1
1,1,8,2.806329458277993,2.9313197152368726,1.163476068524704,0.625016712232563,2.868824586757433,-1.7372999025182525,0.1249902569588794,124.99025695887944,62.49512847943972,0.0047686434549864,0.0102450665290971,2.870561886659951,Variation Along Z,z,6.8cm-0.0mm,-0.0
2,2,7,2.820707386660703,2.921525092090193,0.6578325176567106,0.4469362862763907,2.871116239375448,0.5543527154969752,0.10081770542949,100.81770542949008,50.408852714745045,0.0089937899330732,0.0160755309181785,2.870561886659951,Variation Along Z,z,6.8cm-0.0mm,-0.0
3,3,6,2.831556172073517,2.909134161617493,0.0023770263257011,0.5329248321151931,2.8703451668455053,-0.2167198144458204,0.0775779895439763,77.57798954397632,38.78899477198816,3.7717392134406494e-22,0.0125890818929462,2.870561886659951,Variation Along Z,z,6.8cm-0.0mm,-0.0
4,4,5,2.844552165261079,2.8993709420617564,0.5565000727971301,0.3905597638497773,2.871961553661418,1.3996670014666537,0.0548187768006775,54.8187768006776,27.4093884003388,0.010850366748898,0.0194883773405426,2.870561886659951,Variation Along Z,z,6.8cm-0.0mm,-0.0
