frequency_Hz,frequency_GHz,y_raw,y_norm,y_smooth,baseline_raw,y_fit,y_model,residual
2790000000.0,2.79,1.4835003333333334,0.901543839207642,0.8927834270464139,1.4834456176947721,0.9994791020757648,0.99994057700218,-0.00046147492641512855
2790500000.0,2.7905,1.4831508333333332,0.8824552140983967,0.8926613664315177,1.4834505880934188,0.9992402853097914,0.9999381770433203,-0.0006978917335289658
2791000000.0,2.791,1.483102,0.879788086221907,0.8934634593405469,1.4834555276387074,0.9992040578074349,0.9999356042540422,-0.000731546446607223
2791500000.0,2.7915,1.4835159999999998,0.90239950480623,0.8944637324515831,1.4834604363306372,0.9994796730458518,0.9999328398492245,-0.00045316680337270654
2792000000.0,2.792,1.4835945,0.906686935624761,0.894936212442706,1.4834653141692087,0.9995292737439728,0.9999298622361474,-0.0004005884921746139
2792500000.0,2.7925,1.4836173333333331,0.9079340227205879,0.8944000520791369,1.4834701611544219,0.9995413912065546,0.9999266464707001,-0.0003852552641454565
2793000000.0,2.793,1.4830026666666667,0.8743628022137567,0.8937723117740003,1.4834749772862763,0.999124034822474,0.99992316358246,-0.0007991287599860009
2793500000.0,2.7935,1.4830213333333333,0.8753823186716623,0.8822430512733599,1.4834797625647724,0.9991333879452532,0.9999193797303668,-0.0007859917851136267
2794000000.0,2.794,1.4832204999999998,0.8862601951645176,0.8752070006165709,1.4834845169899102,0.9992643669154044,0.9999152551374503,-0.0006508882220458423
2794500000.0,2.7945,1.4832671666666666,0.8888089863092934,0.8674771649119344,1.4834892405616893,0.9992926249840759,0.9999107427344481,-0.0006181177503722379
2795000000.0,2.795,1.482645,0.8548281386541868,0.8813074305536639,1.4834939332801103,0.99887030506021,0.999905786415627,-0.0010354813554169784
2795500000.0,2.7955,1.4833036666666668,0.8908025050975371,0.9018247658011924,1.4834985951451725,0.9993109139635932,0.9999003187718497,-0.0005894048082565329
2796000000.0,2.796,1.4835271666666667,0.9030093941158842,0.9265035503383362,1.4835032261568764,0.999458367313143,0.9998942581098602,-0.00043589079671724207
2796500000.0,2.7965,1.4851016666666668,0.9890037867753642,0.9434934027764054,1.4835078263152217,1.000516011977988,0.9998875044832483,0.0006285074947396385
2797000000.0,2.797,1.4848436666666665,0.9749126128749689,0.962297042456465,1.4835123956202088,1.0003391157409836,0.9998799343339595,0.0004591814070240563
2797500000.0,2.7975,1.4844896666666665,0.9555782114767776,0.9635062602218998,1.4835169340718373,1.000097566396392,0.9998713931475958,0.00022617324879625755
2798000000.0,2.798,1.4838509999999998,0.9206961840954793,0.9483897771564644,1.4835214416701072,0.999664260572163,0.999861685216958,-0.00019742464479499677
2798500000.0,2.7985,1.484442666666667,0.9530112146810015,0.9265493403091124,1.483525918415019,1.0000598461218315,0.9998505591094375,0.00020928701239397718
2799000000.0,2.799,1.483753833333333,0.9153892368190428,0.9195040686082994,1.483530364306572,0.9995927877434462,0.9998376866071371,-0.0002448988636909455
2799500000.0,2.7995,1.483264,0.8886360326244698,0.9127015389212645,1.4835347793447669,0.9992598172122732,0.9998226314790151,-0.0005628142667418734
2800000000.0,2.8,1.4838665000000002,0.9215427468685853,0.9062795546282458,1.4835391635296031,0.9996627610803217,0.9998048019641494,-0.00014204088382774316
2800500000.0,2.8005,1.483602,0.9070965627730365,0.8879383069595121,1.483543516861081,0.9994816377547214,0.9997833763247164,-0.000301738569994936
2801000000.0,2.801,1.4831259999999995,0.8810988930963378,0.8915666301607315,1.4835478393392003,0.9991580521376598,0.9997571822560718,-0.0005991301184119502
2801500000.0,2.8015,1.4831163333333333,0.8805709292163727,0.9014817350820217,1.4835521309639614,0.9991486495112759,0.9997244939497094,-0.0005758444384335037
2802000000.0,2.802,1.4830261666666666,0.8756463006116569,0.8954615755153992,1.4835563917353638,0.999085036479989,0.9996826751837886,-0.0005976387037995856
2802500000.0,2.8025,1.4842636666666664,0.9432347800756679,0.8891044537799699,1.4835606216534079,0.9999158644922194,0.9996275186648137,0.00028834582740566717
2803000000.0,2.803,1.4836293333333332,0.9085894261578215,0.8948495582725304,1.4835648207180934,0.9994856991033532,0.9995519481124059,-6.624900905272124e-05
2803500000.0,2.8035,1.482425,0.8428124089717001,0.9018474637557283,1.4835689889294206,0.9986715625992988,0.9994432867858244,-0.0007717241865256019
2804000000.0,2.804,1.482897666666667,0.8686280221380325,0.8995548915352529,1.4835731262873892,0.9989872000029087,0.9992770486033068,-0.00028984860039804605
2804500000.0,2.8045,1.4837995,0.9178834110107209,0.8598693307129346,1.4835772327919994,0.9995919733575006,0.9990017086419661,0.000590264715534472
2805000000.0,2.805,1.482726666666667,0.8592885231575536,0.7960306636755354,1.4835813084432512,0.9988664931088965,0.9985002515688395,0.000366241540057044
2805500000.0,2.8055,1.4807253333333332,0.7499817943489133,0.7441920426645443,1.4835853532411445,0.9975155379546508,0.9975199330557138,-4.39510106309271e-06
2806000000.0,2.806,1.4781476666666666,0.609197494902375,0.6980812662431768,1.4835893671856795,0.9957763552855549,0.995946858416202,-0.00017050313064714828
2806500000.0,2.8065,1.4777986666666667,0.5901361782696967,0.6770801808396034,1.483593350276856,0.9955385734100951,0.9955601735757502,-2.1600165655111248e-05
2807000000.0,2.807,1.480504,0.7378932420622922,0.6566276687434827,1.4835973025146738,0.9973583999848409,0.996601850661743,0.000756549323097877
2807500000.0,2.8075,1.480284333333333,0.7258957180308178,0.6457203952470028,1.4836012238991336,0.9972077832509189,0.9968342765940579,0.00037350665686097795
2808000000.0,2.808,1.4792993333333335,0.6720980192251341,0.6532374376278651,1.4836051144302345,0.9965416152368045,0.9959214708648243,0.0006201443719802135
2808500000.0,2.8085,1.4764783333333331,0.5180235945236907,0.6497293426545792,1.4836089741079772,0.9946386388235089,0.9949173807017736,-0.00027874187826471
2809000000.0,2.809,1.4779775,0.5999035100494756,0.6003727587345717,1.4836128029323614,0.9956459920827824,0.9958238588424385,-0.0001778667596561423
2809500000.0,2.8095,1.479376,0.6762853189629636,0.5784403084777754,1.483616600903387,0.996585546503415,0.9965932115924755,-7.665089060471253e-06
2810000000.0,2.81,1.4783615,0.6208764200407448,0.592811817879138,1.4836203680210545,0.9958995971676508,0.996131227951718,-0.00023163078406729376
2810500000.0,2.8105,1.4761300000000002,0.4989986891930978,0.6123691005808996,1.4836241042853633,0.9943938408963253,0.9947858374189082,-0.00039199652258292694
2811000000.0,2.811,1.4785718333333333,0.6323641858432423,0.627758116725448,1.4836278096963138,0.9960362924053497,0.9951638963205794,0.0008723960847702994
2811500000.0,2.8115,1.4799721666666663,0.7088461258373954,0.6571469632658347,1.4836314842539056,0.9969771542725975,0.996931856205047,4.529806755049215e-05
2812000000.0,2.812,1.4794423333333333,0.6799082435187427,0.7119555485779901,1.4836351279581392,0.9966177866002331,0.9979963681693043,-0.0013785815690711134
2812500000.0,2.8125,1.4815693333333335,0.7960785027672204,0.7699094162463923,1.4836387408090141,0.9980481974889884,0.9984885472549268,-0.0004403497659383193
2813000000.0,2.813,1.4811761666666667,0.7746049373725166,0.7840448038707133,1.4836423228065307,0.9977809347036771,0.998695963073259,-0.000915028369581905
2813500000.0,2.8135,1.4815770000000004,0.7964972327410141,0.7855776251129725,1.4836458739506888,0.9980485635947514,0.9987429498640561,-0.0006943862693047365
2814000000.0,2.814,1.481718833333333,0.8042437372559824,0.8001387176033505,1.4836493942414886,0.9981417397882101,0.9986690814979557,-0.0005273417097456656
2814500000.0,2.8145,1.4809481666666666,0.7621522720651993,0.8023773033694609,1.4836528836789298,0.9976202432979361,0.9984655849915103,-0.0008453416935741975
2815000000.0,2.815,1.4807541666666666,0.7515565831633632,0.8043797279523561,1.4836563422630125,0.9974872326120108,0.9980732694928371,-0.0005860368808263683
2815500000.0,2.8155,1.4815613333333335,0.795641567142402,0.7031709278923349,1.483659769993737,0.9980286622300285,0.9973401004362598,0.0006885617937687494
2816000000.0,2.816,1.4794716666666667,0.6815103408097474,0.5570545400322188,1.4836631668711027,0.9966187119402857,0.9959031994128846,0.0007155125274010965
2816500000.0,2.8165,1.4751826666666668,0.4472582289542375,0.4329631281185727,1.4836665328951102,0.9937272519603695,0.9930798600168349,0.000647391943534581
2817000000.0,2.817,1.4685118333333331,0.08291763763469051,0.3566229715279061,1.4836698680657592,0.9892313550005285,0.9896773679890287,-0.00044601298850022175
2817500000.0,2.8175,1.471141,0.22651471016601146,0.2718021734552161,1.4836731723830499,0.9910002293950279,0.9906596406243584,0.0003405887706694477
2818000000.0,2.818,1.4740931666666668,0.38775305854934805,0.20001831598828673,1.483676445846982,0.992986697581188,0.9927730107098354,0.0002136868713525919
2818500000.0,2.8185,1.4734996666666664,0.35533789688314865,0.1818690157788378,1.4836796884575556,0.9925847315487952,0.9923773790817467,0.00020735246704850496
2819000000.0,2.819,1.4678030000000002,0.044203320710740526,0.2234653424301476,1.4836829002147707,0.9887451798321649,0.9896053803556069,-0.0008602005234419341
2819500000.0,2.8195,1.467645,0.03557384212058089,0.2193024351121984,1.4836860811186274,0.988636627909297,0.9888060478305654,-0.0001694199212683989
2820000000.0,2.82,1.471788,0.26185187882316474,0.16187794994594534,1.4836892311691259,0.9914253351748432,0.9915529468515427,-0.00012761167669950169
2820500000.0,2.8205,1.4739116666666667,0.3778400815612883,0.15157146293359458,1.4836923503662658,0.9928537914956924,0.9924309312665182,0.00042286022917426003
2821000000.0,2.821,1.4706128333333333,0.19766785610250545,0.21125494626257338,1.4836954387100472,0.990629575151276,0.9903952032581427,0.00023437189313335605
2821500000.0,2.8215,1.466993666666667,0.0,0.26319968809225414,1.48369849620047,0.9881896071358595,0.9878968202322859,0.00029278690357359416
2822000000.0,2.822,1.4727870000000003,0.31641421497231387,0.31685390902909694,1.4837015228375345,0.9920900622170428,0.9908910335534898,0.0011990286635529257
2822500000.0,2.8225,1.4766431666666666,0.5270262889600527,0.4117884979376124,1.4837045186212405,0.994685621986363,0.9947063165285269,-2.0694542163912644e-05
2823000000.0,2.823,1.4781243333333334,0.6079230993299931,0.5523544871964259,1.4837074835515882,0.9956813649961583,0.9967517561226201,-0.0010703911264617894
2823500000.0,2.8235,1.4789216666666667,0.6514710166035123,0.6775307115934388,1.4837104176285774,0.9962164877507584,0.9977924474598764,-0.0015759597091179467
2824000000.0,2.824,1.4794301666666667,0.6792437372560028,0.7202155549081919,1.4837133208522082,0.9965570684626273,0.9983652222573929,-0.0018081537947656212
2824500000.0,2.8245,1.4806254999999997,0.744529201864196,0.7403571917207445,1.4837161932224805,0.9973603246021489,0.9987047269666969,-0.0013444023645480252
2825000000.0,2.825,1.481829,0.8102607049227623,0.770692101616166,1.4837190347393943,0.9981690995047409,0.9989155413340691,-0.0007464418293282593
2825500000.0,2.8255,1.4816396666666665,0.7999198951353903,0.8044629931918221,1.4837218454029495,0.9980396727873321,0.9990476621570908,-0.001007989369758766
2826000000.0,2.826,1.4812325000000002,0.7776816923972818,0.8358296354581908,1.4837246252131464,0.9977635339953556,0.9991260655092051,-0.0013625315138495742
2826500000.0,2.8265,1.4829255,0.8701481939993602,0.8509370945104531,1.4837273741699848,0.998902094171765,0.9991626580348689,-0.0002605638631039131
2827000000.0,2.827,1.4831513333333337,0.8824825225749758,0.856651856251285,1.4837300922734649,0.9990523858279741,0.999160943016499,-0.00010855718852498253
2827500000.0,2.8275,1.4829218333333334,0.8699479318379937,0.8547991357122834,1.4837327795235864,0.9988959852276893,0.9991168343006043,-0.0002208490729149748
2828000000.0,2.828,1.482117,0.8259903874161991,0.8481502112800741,1.4837354359203494,0.9983520621853433,0.9990159445548479,-0.0006638823695045426
2828500000.0,2.8285,1.4816571666666667,0.8008756918146919,0.8188363546832301,1.4837380614637543,0.9980405529744676,0.9988247567545145,-0.0007842037800469548
2829000000.0,2.829,1.4810168333333331,0.7659026361782104,0.7698128711272664,1.4837406561538005,0.9976074814782651,0.9984670924267744,-0.0008596109485093928
2829500000.0,2.8295,1.4810375,0.7670313865423357,0.6988594987156258,1.483743219990488,0.9976196786271323,0.9977652601236746,-0.000145581496542313
2830000000.0,2.83,1.4791226666666668,0.6624490241770691,0.6505926530503745,1.4837457529738174,0.9963281552895377,0.9963728155302505,-4.4660240712812715e-05
2830500000.0,2.8305,1.4768116666666666,0.5362292455577812,0.6215159427910275,1.4837482551037884,0.9947698020124623,0.9945663998027316,0.00020340220973069645
2831000000.0,2.831,1.4767865,0.53485471890471,0.5989260005699312,1.4837507263804008,0.9947511931042918,0.9949050386701623,-0.0001538455658705029
2831500000.0,2.8315,1.479094666666667,0.6609197494902108,0.562729304509411,1.4837531668036545,0.99630431642545,0.9960501871440297,0.0002541292814203233
2832000000.0,2.832,1.4783476666666664,0.6201208855228099,0.5526294634581368,1.4837555763735502,0.9957995270726963,0.9959402916756172,-0.00014076460292089532
2832500000.0,2.8325,1.476582333333333,0.5237037576463174,0.5721890317178179,1.4837579550900872,0.9946088224721953,0.9945579477643792,5.087470781606207e-05
2833000000.0,2.833,1.4755878333333332,0.46938719778615057,0.5814681998503921,1.4837603029532658,0.9939373659642745,0.993964414948562,-2.7048984287514344e-05
2833500000.0,2.8335,1.4778466666666663,0.5927577920185826,0.5537212508337831,1.483762619963086,0.9954573331410104,0.9953499846594962,0.00010734848151416898
2834000000.0,2.834,1.4791643333333333,0.6647247305563198,0.5461058112437672,1.4837649061195477,0.9963433602645019,0.9958890000391959,0.0004543602253059831
2834500000.0,2.8345,1.4774413333333334,0.5706197203611634,0.568419516205668,1.483767161422651,0.9951812601196633,0.9949184544635342,0.0002628056561291281
2835000000.0,2.835,1.4755225,0.4658188901834814,0.5889115526913702,1.483769385872396,0.9938872741195863,0.9935064118962655,0.0003808622233207881
2835500000.0,2.8355,1.4777243333333334,0.5860763180890992,0.6068624034233179,1.4837715794687822,0.9953689206737745,0.9948472485670079,0.0005216721067665686
2836000000.0,2.836,1.4799654999999998,0.7084820128167235,0.6375760066227127,1.48377374221181,0.9968770777730098,0.9968297475414872,4.733023152259097e-05
2836500000.0,2.8365,1.4799653333333334,0.7084729099912174,0.6945607583259966,1.4837758741014797,0.9968755331963051,0.9978822273390924,-0.0010066941427873122
2837000000.0,2.837,1.4807879999999998,0.7534044567433138,0.7431985736856956,1.4837779751377906,0.9974282529137531,0.998371748291994,-0.0009434953782408995
2837500000.0,2.8375,1.4801554999999995,0.7188592339061324,0.7534192340574621,1.483780045320743,0.9970008229339441,0.9985805516330962,-0.0015797286991521275
2838000000.0,2.838,1.4810039999999998,0.7652017186133975,0.7692090897741344,1.4837820846503373,0.9975709831581642,0.9986214111123611,-0.0010504279541969641
2838500000.0,2.8385,1.481329,0.7829522283716328,0.7989637832067327,1.483784093126573,0.997788545222209,0.9985233912851368,-0.0007348460629278408
2839000000.0,2.839,1.481559,0.7955141275851577,0.8202681385028612,1.4837860707494501,0.9979421377581496,0.9982590374854768,-0.0003168997273272911
2839500000.0,2.8395,1.4820696666666666,0.8234051849693622,0.775401178465138,1.483788017518969,0.9982848006366191,0.9977253114999207,0.0005594891366983434
2840000000.0,2.84,1.480536833333333,0.7396864986891329,0.6402386027895315,1.4837899334351294,0.9972510350251119,0.996661555581469,0.0005894794436429596
2840500000.0,2.8405,1.477531,0.5755170404893242,0.5180080684922975,1.483791818497931,0.9952251196382239,0.9945120411602623,0.0007130784779616484
2841000000.0,2.841,1.4715161666666667,0.24700517040487086,0.43109436926794237,1.4837936727073746,0.9911724511592755,0.9912899387223709,-0.00011748756309537534
2841500000.0,2.8415,1.4708466666666666,0.21043912030291517,0.3693221224352585,1.4837954960634594,0.9907202770956859,0.9911219388729098,-0.00040166177722389396
2842000000.0,2.842,1.4755246666666668,0.46593722691520734,0.2955167677986387,1.483797288566186,0.9938700435488842,0.993282796416253,0.0005872471326311413
2842500000.0,2.8425,1.474941,0.4340591319545277,0.27480220466490735,1.4837990502155542,0.9934757233272098,0.9935128883970332,-3.7165069823430485e-05
2843000000.0,2.843,1.4716583333333333,0.25476988057089994,0.3014574451182095,1.4838007810115639,0.9912634619054712,0.9914193534511724,-0.00015589154570117003
2843500000.0,2.8435,1.4683936666666666,0.0764637343431165,0.32172679733119447,1.483802480954215,0.9890633504390144,0.9897669887193586,-0.0007036382803442542
2844000000.0,2.844,1.4732645,0.3424938100786167,0.2657914319634801,1.4838041500435075,0.9923430728570994,0.9919764615103229,0.0003666113467765131
2844500000.0,2.8445,1.4743215,0.40022392950768987,0.24332297896779195,1.483805788279442,0.9930539372858121,0.9933470405848325,-0.0002931032990203253
2845000000.0,2.845,1.4738413333333331,0.3739986891930819,0.28407053610043564,1.4838073956620177,0.9927294375783794,0.9921321160356461,0.0005973215427332867
2845500000.0,2.8455,1.4690178333333332,0.11055381590443075,0.35123504456992005,1.483808972191235,0.9894794405809811,0.9894768589017454,2.581679235724721e-06
2846000000.0,2.846,1.4730203333333334,0.3291581706961565,0.398956114765867,1.4838105178670942,0.992174352159605,0.9910276469374032,0.0011467052222018381
2846500000.0,2.8465,1.4778481666666667,0.5928397174482595,0.48712162982658835,1.4838120326895945,0.9954251935596181,0.994720595279965,0.0007045982796530792
2847000000.0,2.847,1.4794109999999998,0.6781969123215303,0.5938045381407222,1.4838135166587365,0.9964768651121872,0.9968717228893135,-0.00039485777712622294
2847500000.0,2.8475,1.4798723333333337,0.7033935333527267,0.7059246311266748,1.48381496977452,0.996786626121788,0.9979634096996376,-0.0011767835778495606
2848000000.0,2.848,1.4796695,0.6923153946984684,0.7342706327558784,1.4838163920369452,0.9966490498731579,0.9985614059652633,-0.0019123560921053828
2848500000.0,2.8485,1.480174,0.719869647538556,0.7446990818676915,1.4838177834460118,0.9969879269700666,0.9989203451913572,-0.0019324182212906438
2849000000.0,2.849,1.4813366666666667,0.7833709583454267,0.7665537837489687,1.4838191440017203,0.99777013935965,0.9991527305249188,-0.0013825911652688427
2849500000.0,2.8495,1.4817184999999995,0.8042255316049337,0.8029159069156299,1.4838204737040699,0.9980264329145903,0.9993123634754933,-0.0012859305609030924
2850000000.0,2.85,1.4824555,0.8444782260413086,0.8401622257487519,1.4838217725530614,0.9985219726470197,0.9994272249438779,-0.0009052522968582277
2850500000.0,2.8505,1.4825119999999998,0.84756408389158,0.8605814790364876,1.4838230405486943,0.9985591754424107,0.9995129698075316,-0.0009537943651208858
2851000000.0,2.851,1.4834305,0.8977297553160027,0.8725100816747483,1.4838242776909687,0.9991770062395406,0.9995789081623326,-0.00040190192279199177
2851500000.0,2.8515,1.4831223333333332,0.8808986309349834,0.8889402088589587,1.4838254839798846,0.9989686258857536,0.9996308651833745,-0.0006622392976208813
2852000000.0,2.852,1.4830173333333334,0.8751638508592592,0.895824703381817,1.483826659415442,0.9988971110240871,0.9996726436493591,-0.0007755326252720796
2852500000.0,2.8525,1.483658,0.9101551121467529,0.9016062191764393,1.4838278039976411,0.9993278658636223,0.9997068166010767,-0.00037895073745441987
2853000000.0,2.853,1.4838816666666668,0.9223711039906305,0.8994643361541274,1.4838289177264818,0.9994777678712505,0.999735178940117,-0.00025741106886645326
2853500000.0,2.8535,1.483352,0.8934423244974717,0.9055027407779521,1.483830000601964,0.9991202784359763,0.9997590160323863,-0.0006387375964099773
2854000000.0,2.854,1.4835941666666663,0.9066687299737122,0.9172820334340284,1.4838310526240877,0.9992826827058952,0.9997792695427744,-0.0004965868368792536
2854500000.0,2.8545,1.4836961666666666,0.9122396591901554,0.923945183493987,1.483832073792853,0.999350697593729,0.9997966432091238,-0.0004459456153947938
2855000000.0,2.855,1.4842401666666667,0.9419512816777799,0.936808776353211,1.4838330641082598,0.9997164441985695,0.9998116722651503,-9.522806658079919e-05
2855500000.0,2.8555,1.4847138333333334,0.96782151179721,0.952810913113434,1.4838340235703082,1.0000348378168182,0.9998247701717247,0.00021006764509357012
2856000000.0,2.856,1.4841956666666665,0.9395208272647179,0.9406371252787844,1.4838349521789982,0.9996851990018512,0.9998362607889801,-0.000151061787128981
2856500000.0,2.8565,1.4842208333333335,0.9408953539178132,0.9190343864553173,1.4838358499343296,0.9997015452553489,0.9998464009752619,-0.00014485571991296187
2857000000.0,2.857,1.4835661666666666,0.9051394552868661,0.90696242416671,1.4838367168363027,0.9992600086936717,0.9998553967513023,-0.000595388057630597
2857500000.0,2.8575,1.4822313333333332,0.8322349257208883,0.8871465975765642,1.4838375528849173,0.998360365574361,0.9998634150523887,-0.001503049478027707
2858000000.0,2.858,1.4832405,0.8873525342265696,0.8715591713606792,1.4838383580801735,0.9990395500096653,0.9998705924005048,-0.0008310423908395315
2858500000.0,2.8585,1.4839803333333337,0.9277599766967317,0.8741114302485042,1.4838391324220712,0.9995373445943061,0.9998770413907743,-0.00033969679646816964
2859000000.0,2.859,1.4823815,0.8404365715117479,0.8927660357895805,1.4838398759106104,0.9984599475407842,0.9998828556034755,-0.001422908062691297
2859500000.0,2.8595,1.4830694999999998,0.8780130352460787,0.901545533672996,1.483840588545791,0.9989228710702389,0.9998881133662443,-0.0009652422960053642
2860000000.0,2.86,1.484322666666667,0.946457180308726,0.8904986835185842,1.4838412703276134,0.9997664833056681,0.9998928806658985,-0.0001263973602304569
2860500000.0,2.8605,1.4835435,0.9039014710165454,0.8769078891784406,1.4838419212560772,0.9992412367529261,0.9998972134239361,-0.0006559766710100279
2861000000.0,2.861,1.4824128333333333,0.8421479027089481,0.889095429766797,1.4838425413311827,0.9984792585797408,0.9999011592907172,-0.0014219007109763648
2861500000.0,2.8615,1.4828694999999998,0.8670896446256317,0.8842452000130583,1.4838431305529296,0.9987864498323065,0.9999047590718807,-0.0011183092395742333
2862000000.0,2.862,1.4831001666666666,0.8796879551412177,0.8851998145072124,1.4838436889213182,0.9989414394182147,0.9999080478711233,-0.000966608452908635
2862500000.0,2.8625,1.4844371666666667,0.9527108214389214,0.9129645751131499,1.4838442164363483,0.999841619707659,0.9999110560122904,-6.943630463140948e-05
2863000000.0,2.863,1.4836811666666667,0.9114204048936285,0.9335484673836143,1.4838447130980201,0.9993320819449556,0.9999138097883381,-0.0005817278433825068
2863500000.0,2.8635,1.4843061666666666,0.9455560005825222,0.9354679813825787,1.4838451789063332,0.9997527362765124,0.9999163320734186,-0.00016359579690616854
2864000000.0,2.864,1.4845145000000002,0.9569345324788363,0.9365408932022913,1.483845613861288,0.9998927658615802,0.9999186428259538,-2.587696437361675e-05
2864500000.0,2.8645,1.4835011666666666,0.9015893533352215,0.928851803478538,1.4838460179628843,0.9992099644246357,0.999920759504281,-0.0007107950796453322
2865000000.0,2.865,1.4838515,0.9207234925720463,0.930250407302134,1.483846391211122,0.9994456795091613,0.9999226974117117,-0.0004770179025503918
2865500000.0,2.8655,1.4843443333333337,0.947640547625949,0.9265761759116191,1.4838467336060015,0.9997773958742279,0.9999244699842332,-0.00014707411000536297
2866000000.0,2.866,1.483950833333333,0.9261487765801844,0.9333837889947142,1.4838470451475225,0.9995121448200137,0.9999260890313146,-0.00041394421130092063
2866500000.0,2.8665,1.4840616666666666,0.9322021555490254,0.9405094886906855,1.483847325835685,0.9995866073079094,0.9999275649381316,-0.00034095763022223835
2867000000.0,2.867,1.4843285,0.9467757792018063,0.9356206802954679,1.483847575670489,0.9997661640068694,0.9999289068358574,-0.0001627428289880939
2867500000.0,2.8675,1.4843578333333332,0.9483778764927989,0.9347744327717545,1.4838477946519344,0.9997857738632133,0.9999301227453666,-0.0001443488821533112
2868000000.0,2.868,1.4837153333333335,0.913286484124628,0.9319000678416125,1.4838479827800217,0.9993528927773668,0.9999312196986543,-0.0005783269212874531
2868500000.0,2.8685,1.484054166666667,0.9317925284007741,0.9333365015894385,1.4838481400547505,0.9995810072070384,0.9999322038414584,-0.0003511966344200701
2869000000.0,2.869,1.4844290000000002,0.9522647829885968,0.9468856436067583,1.4838482664761206,0.9998333900859274,0.9999330805199163,-9.969043398883048e-05
2869500000.0,2.8695,1.4840456666666666,0.9313282842993887,0.9593969847027928,1.4838483620441325,0.9995751325128172,0.9999338543535548,-0.00035872184073759694
2870000000.0,2.87,1.485169666666667,0.9927177395863263,0.9676157721780574,1.4838484267587857,1.0003321561876422,0.9999345292964804,0.00039762689116173977
2870500000.0,2.8705,1.485303,0.9999999999999454,0.9664312620818812,1.4838484606200808,1.000421939677079,0.999935108688288,0.0004868309887909872
2871000000.0,2.871,1.4842486666666668,0.9424155257791531,0.9657801145111267,1.4838484636280171,0.9997117941994111,0.9999355952959054,-0.00022380109649422497
2871500000.0,2.8715,1.4842223333333333,0.9409772793474538,0.9665216598383084,1.4838484357825952,0.99969407621179,0.9999359913473551,-0.00024191513556515165
2872000000.0,2.872,1.484671,0.9654820856393311,0.9606005279795817,1.4838483770838147,0.9999963140316507,0.9999362985581954,6.001547345524383e-05
2872500000.0,2.8725,1.4849126666666663,0.9786811826390166,0.9632955160190195,1.4838482875316759,1.00015914835113,0.999936518151232,0.0002226301998980995
2873000000.0,2.873,1.4848081666666666,0.9729737110398472,0.9780168340009697,1.4838481671261783,1.0000888437933095,0.9999366508699197,0.00015219292338986
2873500000.0,2.8735,1.4847868333333334,0.971808549373673,0.9744022635534559,1.4838480158673226,1.000074576724243,0.9999366969857375,0.0001378797385054309
2874000000.0,2.874,1.4845921666666666,0.9611764491697635,0.9570539725833342,1.4838478337551084,0.9999435821849941,0.9999366562996818,6.925885312369928e-06
2874500000.0,2.8745,1.4845588333333335,0.9593558840663678,0.9349156644888738,1.4838476207895357,0.9999212741074925,0.9999365281378823,-1.5254030389710849e-05
2875000000.0,2.875,1.4833531666666666,0.8935060442760878,0.9155788987204159,1.4838473769706044,0.9991093641960209,0.9999363113412282,-0.0008269471452072574
2875500000.0,2.8755,1.4831605,0.8829831779783981,0.8925222298091757,1.483847102298315,0.9989797788926147,0.9999360042487426,-0.0009562253561279377
2876000000.0,2.876,1.4831178333333337,0.8806528546460497,0.8709079449775916,1.483846796772667,0.9989512465299815,0.999935604674303,-0.0009843581443215177
2876500000.0,2.8765,1.4831448333333332,0.8821275123797859,0.8710563880240064,1.4838464603936603,0.9989696587898723,0.99993510987614,-0.0009654510862676657
2877000000.0,2.877,1.4827383333333335,0.8599257209437384,0.8862658696531631,1.4838460931612953,0.998696108576122,0.9999345165183726,-0.0012384079422506078
2877500000.0,2.8775,1.4832395,0.8872979172734718,0.9025794333833415,1.483845695075572,0.9990339366289429,0.9999338206236114,-0.0008998839946684489
2878000000.0,2.878,1.4845593333333331,0.9593831925428985,0.9218583902988384,1.4838452661364903,0.9999231976158646,0.999933017515427,-9.819899562391043e-06
2878500000.0,2.8785,1.4841326666666668,0.936079959219293,0.9405217046037216,1.48384480634405,0.9996361265357387,0.9999321017491701,-0.00029597521343138755
2879000000.0,2.879,1.4844501666666667,0.9534208418292528,0.9574027171973003,1.483844315698251,0.9998503089635212,0.9999310670292729,-8.075806575169597e-05
2879500000.0,2.8795,1.4845548333333334,0.9591374162539527,0.9605744805005102,1.4838437941990938,0.9999211585429265,0.9999299061107156,-8.747567789124666e-06
2880000000.0,2.88,1.4845368333333333,0.9581543110981082,0.9615225141640987,1.4838432418465781,0.9999094068626726,0.9999286106817941,-1.920381912146052e-05
2880500000.0,2.8805,1.4846046666666666,0.96185916108354,0.9601029462574898,1.4838426586407043,0.999955489006997,0.9999271712246346,2.8317782362452526e-05
2881000000.0,2.881,1.4844723333333334,0.9546315176230186,0.950480826218095,1.4838420445814717,0.999866769664211,0.9999255768490466,-5.880718483564085e-05
2881500000.0,2.8815,1.4845218333333332,0.9573350568015693,0.9328561797702686,1.4838413996688806,0.9999005449837872,0.9999238150942121,-2.3270110424911117e-05
2882000000.0,2.882,1.4834965,0.9013344742207451,0.9288331249534467,1.4838407239029312,0.999210386177232,0.9999218716913186,-0.0007114855140866183
2882500000.0,2.8825,1.4838275,0.9194126856975913,0.9353072830169561,1.4838400172836232,0.9994338074614887,0.9999197302784563,-0.00048592281696757667
2883000000.0,2.883,1.483730666666667,0.9141239440722035,0.9329179686465001,1.483839279810957,0.9993690819419401,0.9999173720567925,-0.0005482901148524677
2883500000.0,2.8835,1.4850019999999995,0.9835602971161409,0.9296955290072962,1.4838385114849322,1.0002259083849594,0.9999147753740206,0.0003111330109387689
2884000000.0,2.884,1.4843951666666666,0.950416909408622,0.9263525852969658,1.483837712305549,0.9998177131354984,0.9999119152171081,-9.420208160970667e-05
2884500000.0,2.8845,1.483028,0.8757464316923462,0.9209631214983127,1.4838368822728074,0.9988974137086524,0.9999087625911303,-0.0010113488824778916
2885000000.0,2.885,1.4835801666666668,0.9059040926303074,0.9240721895833506,1.4838360213867072,0.9992699067727695,0.9999052837539258,-0.0006353769811563437
2885500000.0,2.8855,1.4837023333333337,0.9125764637343087,0.9220305164540754,1.4838351296472485,0.999352793080521,0.9999014392668351,-0.0005486461863140057
2886000000.0,2.886,1.484597333333333,0.9614586367607827,0.927484566967106,1.4838342070544315,0.9999562451339258,0.9998971828088157,5.906232511010412e-05
2886500000.0,2.8865,1.4844901666666666,0.9556055199533324,0.9329814913942631,1.483833253608256,0.9998847050949699,0.9998924596834035,-7.754588433606102e-06
2887000000.0,2.887,1.4836219999999998,0.9081889018350642,0.9250574226724189,1.483832269308722,0.9993006106062624,0.9998872049230744,-0.0005865943168119614
2887500000.0,2.8875,1.483105,0.8799519370812123,0.8975195233933306,1.4838312541558296,0.9989530662389693,0.9998813408604555,-0.0009282746214862581
2888000000.0,2.888,1.4833235,0.8918857413340586,0.8749664259421925,1.4838302081495789,0.9991009423497649,0.9998747739855913,-0.0007738316358264496
2888500000.0,2.8885,1.483132,0.8814265948149729,0.874833233083985,1.4838291312899696,0.9989726814245627,0.9998673908356004,-0.0008947094110376419
2889000000.0,2.889,1.4821533333333334,0.8279748033789245,0.8790731400602062,1.4838280235770018,0.9983142397362041,0.9998590525557285,-0.0015448128195243438
2889500000.0,2.8895,1.4838438333333337,0.9203047625982766,0.8860610363759497,1.4838268850106755,0.9994536541572718,0.9998495876100705,-0.0003959334527986469
2890000000.0,2.89,1.4839088333333337,0.9238548645499214,0.8994648090281915,1.4838257155909909,0.9994982230885043,0.9998387818750977,-0.0003405587865933368
2890500000.0,2.8905,1.483194,0.8848128459073121,0.9214746530049718,1.4838245153179481,0.9990175497011325,0.9998263649678771,-0.0008088152667445891
2891000000.0,2.891,1.4840185,0.92984452374011,0.9349880536251249,1.4838232841915464,0.9995737278197205,0.9998119910548687,-0.00023826323514819503
2891500000.0,2.8915,1.4845403333333334,0.9583454704339686,0.9306329624108658,1.4838220222117864,0.999926063685326,0.9997952114007919,0.0001308522845341331
2892000000.0,2.892,1.4842476666666666,0.9423609088260433,0.9313449137035756,1.483820729378668,0.9997298063577601,0.9997754342686599,-4.562791089979257e-05
2892500000.0,2.8925,1.4835463333333332,0.9040562190503325,0.9299766920378758,1.4838194056921912,0.999258307720468,0.9997518649458328,-0.0004935572253648157
2893000000.0,2.893,1.4838601666666664,0.9211968394989136,0.9140442253881049,1.483818051152356,0.9994706058685592,0.9997234136296206,-0.0002528077610614021
2893500000.0,2.8935,1.483503,0.9016894844159108,0.900209743286075,1.483816665759162,0.9992309652166653,0.9996885496131982,-0.00045758439653287297
2894000000.0,2.894,1.4834101666666666,0.896619210602914,0.8988082234058226,1.4838152495126098,0.9991693898978418,0.9996450623681664,-0.00047567247032465065
2894500000.0,2.8945,1.4832781666666666,0.8894097727934172,0.8981250386179938,1.483813802412699,0.9990814540144216,0.9995896542371451,-0.000508200222723465
2895000000.0,2.895,1.4833663333333336,0.8942251674919496,0.8837441505479124,1.48381232445943,0.9991418350241479,0.9995172134342861,-0.00037537841013823847
2895500000.0,2.8955,1.4835116666666666,0.9021628313427903,0.8876897328324065,1.4838108156528023,0.9992407423661543,0.9994194452768532,-0.00017870291069888022
2896000000.0,2.896,1.4829438333333331,0.8711495048062291,0.8984432434493728,1.4838092759928163,0.9988593064660508,0.9992821299988491,-0.0004228235327983221
2896500000.0,2.8965,1.4828371666666664,0.8653236964753216,0.9128134918532621,1.4838077054794718,0.9987885166663698,0.9990792222441269,-0.00029070557775712214
2897000000.0,2.897,1.4841654999999998,0.9378732158461337,0.9133867334238068,1.483806104112769,0.9996843155602557,0.9987591193153097,0.0009251962449460249
2897500000.0,2.8975,1.4832833333333333,0.8896919603844485,0.8339871999298318,1.4838044718927077,0.9990912165772478,0.9982103724259189,0.0008808441513288301
2898000000.0,2.898,1.481669,0.8015219924263951,0.7182618363527445,1.4838028088192878,0.9980049729411565,0.9971772221891044,0.0008277507520521032
2898500000.0,2.8985,1.4781768333333334,0.6107904893678614,0.6018012324358406,1.4838011148925094,0.9956538975253465,0.9951649943710095,0.0004889031543370281
2899000000.0,2.899,1.472878666666667,0.32142076900668237,0.5267093451261482,1.4837993901123727,0.9920863706046245,0.9925834476167189,-0.000497077012094449
2899500000.0,2.8995,1.4749165,0.4327210166035177,0.4641573683865098,1.4837976344788775,0.9934601687567697,0.9930715905176121,0.0003885782391576109
2900000000.0,2.9,1.4769228333333333,0.5423008301776466,0.41823625386649943,1.483795847992024,0.9948127733513147,0.994679578650813,0.00013319470050165982
2900500000.0,2.9005,1.4772680000000002,0.5611527818234523,0.42134741047860147,1.4837940306518118,0.9950464864220507,0.9945013338904223,0.0005451525316284567
2901000000.0,2.901,1.472808333333333,0.3175793766384638,0.47321117262673285,1.4837921824582412,0.9920438151245334,0.9925232131744723,-0.0004793980499389061
2901500000.0,2.9015,1.4736554999999998,0.36384903874158236,0.4853629324117599,1.4837903034113125,0.9926157006831889,0.9916993449304473,0.0009163557527416266
2902000000.0,2.902,1.4763980000000003,0.5136360326245069,0.425834945833818,1.483788393511025,0.9944642568169847,0.9936724656881091,0.0007917911288756185
2902500000.0,2.9025,1.4775788333333333,0.578129551412716,0.3721437619085074,1.483786452757379,0.9952609379821813,0.9944286936271741,0.0008322443550071723
2903000000.0,2.903,1.473933,0.3790052432274625,0.3793411808358308,1.4837844811503746,0.9928065130905157,0.9930431341900257,-0.00023662109950994825
2903500000.0,2.9035,1.469153333333333,0.11795441304977586,0.38955293541293645,1.483782478690012,0.9895883778412644,0.9910591534707017,-0.0014707756294373153
2904000000.0,2.904,1.4740466666666665,0.38521337023007846,0.4191236020266348,1.4837804453762908,0.9928857768461054,0.9930040642104716,-0.00011828736436625409
2904500000.0,2.9045,1.4784956666666669,0.6282041945819677,0.4925279988726257,1.483778381209211,0.9958839119163609,0.9958350755140889,4.8836402272045554e-05
2905000000.0,2.905,1.4797201666666666,0.6950826536556473,0.6183224272813782,1.4837762861887729,0.9967101169376937,0.9973504724258112,-0.0006403554881174722
2905500000.0,2.9055,1.4796956666666663,0.6937445383046251,0.7375395322707639,1.4837741603149763,0.9966950422346014,0.9980760437981817,-0.0013810015635803419
2906000000.0,2.906,1.4801693333333332,0.7196147684240675,0.7724269582975003,1.4837720035878212,0.9970155443547021,0.9984107795141411,-0.0013952351594390677
2906500000.0,2.9065,1.481399,0.7867754150887905,0.7840305782429516,1.4837698160073078,0.9978452969513839,0.9985105915607428,-0.0006652946093589351
2907000000.0,2.907,1.482127666666667,0.8265729682493105,0.7928068842265157,1.483767597573436,0.9983376071348986,0.9984027386636741,-6.513152877551942e-05
2907500000.0,2.9075,1.481488666666667,0.7916727352169756,0.7563580280773305,1.4837653482862057,0.9979086996643872,0.9980042900421764,-9.559037778916757e-05
2908000000.0,2.908,1.480166,0.7194327119137376,0.7054391076929285,1.4837630681456169,0.9970193032436818,0.9970718411663102,-5.253792262838175e-05
2908500000.0,2.9085,1.4786288333333333,0.6354773521700686,0.6588958879502453,1.4837607571516696,0.9959854403508258,0.9954984610438685,0.0004869793069572914
2909000000.0,2.909,1.476585,0.5238494028546103,0.639445080722709,1.4837584153043637,0.9946103102117765,0.9951514293875389,-0.0005411191757623834
2909500000.0,2.9095,1.4790098333333332,0.6562864113020204,0.6129459675191806,1.4837560426036998,0.9962452425709569,0.9962864713928972,-4.1228821940242355e-05
2910000000.0,2.91,1.4794733333333332,0.6816013690649062,0.6018420178228926,1.483753639049677,0.9965590655632295,0.996568502603151,-9.43703992151157e-06
2910500000.0,2.9105,1.4787535,0.6422862656568203,0.5999228584794686,1.4837512046422958,0.9960758269953214,0.9956490311422423,0.0004267958530790317
2911000000.0,2.911,1.4759811666666665,0.49086986600636046,0.6152467756294118,1.4837487393815565,0.9942100586395283,0.9946320082394954,-0.00042194959996710857
2911500000.0,2.9115,1.4777845,0.5893624381007493,0.588896854189558,1.4837462432674586,0.9954264453184156,0.9956101121370898,-0.00018366681867421075
2912000000.0,2.912,1.4782631666666666,0.6155057529856802,0.5657875780399404,1.483743716300002,0.995750568069383,0.996443601726783,-0.0006930336574000329
2912500000.0,2.9125,1.4790363333333334,0.657733760559238,0.579561492857041,1.4837411584791873,0.9962730866846823,0.9959908434174268,0.00028224326725545534
2913000000.0,2.913,1.4768728333333334,0.539569982522541,0.6298905028605317,1.4837385698050138,0.9948174972024636,0.9946172883162429,0.00020020888622074295
2913500000.0,2.9135,1.4778891666666667,0.595079012525449,0.671173905107376,1.4837359502774823,0.9955038541067052,0.9950494569449619,0.0004543971617432252
2914000000.0,2.914,1.4810811666666668,0.7694163268278061,0.7212197423655629,1.483733299896592,0.9976557624650897,0.9969387110031632,0.0007170514619264656
2914500000.0,2.9145,1.4823829999999998,0.8405184969413885,0.7779191539841359,1.4837306186623431,0.9985344813869823,0.9981008563022289,0.00043362508475341954
2915000000.0,2.915,1.482429166666667,0.8430399796096336,0.8354420757657184,1.4837279065747362,0.9985674045593869,0.9986773575727929,-0.0001099530134059945
2915500000.0,2.9155,1.4820148333333332,0.8204103553742497,0.8540967995253025,1.4837251636337707,0.9982901542755802,0.9989750819408527,-0.0006849276652725056
2916000000.0,2.916,1.4826928333333331,0.8574406495775666,0.853922348405979,1.4837223898394465,0.9987487244865046,0.999134467627227,-0.00038574314072237215
2916500000.0,2.9165,1.4826121666666665,0.8530348820273218,0.8751968338244338,1.4837195851917642,0.9986962748616656,0.999215328825436,-0.0005190539637703884
2917000000.0,2.917,1.4834131666666666,0.8967830614622194,0.9066035127606,1.483716749690723,0.9992377427917996,0.9992432029763012,-5.460184501648868e-06
2917500000.0,2.9175,1.4842676666666668,0.9434532478880953,0.9293572270286612,1.483713883336324,0.9998152716347363,0.9992268640937685,0.0005884075409677836
2918000000.0,2.918,1.4847536666666663,0.9699970870957593,0.9374291477043522,1.483710986128566,1.0001445983061952,0.999163829574957,0.0009807687312382019
2918500000.0,2.9185,1.483915833333333,0.9242371832216055,0.9391562413699843,1.4837080580674498,0.999582198221418,0.9990393498594348,0.0005428483619832614
2919000000.0,2.919,1.4831115,0.880306947276378,0.9274397621505959,1.4837050991529752,0.9990423827086294,0.9988180843735117,0.000224298335117723
2919500000.0,2.9195,1.4828633333333332,0.8667528400815027,0.8482054981380805,1.483702109385142,0.9988772273566737,0.9984204975217476,0.0004567298349261728
2920000000.0,2.92,1.4817425000000002,0.8055363384794251,0.7071645068931958,1.4836990887639503,0.9981242505877429,0.9976619283261512,0.00046232226159170775
2920500000.0,2.9205,1.4792156666666667,0.6675284008155719,0.5861453971069788,1.4836960372894001,0.9964241865929471,0.9961502130383674,0.0002739735545796984
2921000000.0,2.921,1.4734281666666664,0.3514327847363383,0.5277582585876675,1.4836929549614917,0.9925276926250629,0.9938263357598773,-0.0012986431348144256
2921500000.0,2.9215,1.473101,0.33356393824640124,0.508400922797911,1.4836898417802247,0.992309389406996,0.9935514631100487,-0.0012420737030527373
2922000000.0,2.922,1.4777176666666667,0.5857122050684153,0.4654983603879975,1.4836866977455994,0.9954213749291446,0.9951072363596487,0.00031413856949591423
2922500000.0,2.9225,1.4795386666666666,0.6851696766675875,0.4625391539715408,1.4836835228576155,0.99665017112427,0.9953358667958573,0.0013143043284127298
2923000000.0,2.923,1.4760441666666668,0.49431073405182174,0.5111618373615548,1.4836803171162734,0.9942983465030887,0.9938845005558505,0.00041384594723814505
2923500000.0,2.9235,1.4718733333333336,0.266512525487898,0.5523858939147659,1.4836770805215724,0.991490937184058,0.9925891833094899,-0.0010982461254318565
2924000000.0,2.924,1.4767436666666665,0.532515292746819,0.49870637421609726,1.4836738130735132,0.9947739071004182,0.9941011121749012,0.000672794925517084
2924500000.0,2.9245,1.4789033333333332,0.6504697057966312,0.4498245558451292,1.4836705147720957,0.996230930833381,0.9951409882679468,0.0010899425654341544
2925000000.0,2.925,1.4778781666666667,0.5944782260413254,0.46476977969109035,1.4836671856173194,0.995542583560421,0.9943335694101602,0.0012090141502608676
2925500000.0,2.9255,1.4715095,0.24664105738418685,0.4981206802954823,1.483663825609185,0.9912547055866097,0.9923886516055948,-0.001133946018985088
2926000000.0,2.926,1.474790333333333,0.4258301776871011,0.5199160364831322,1.483660434747692,0.9934670478054395,0.9933125144738004,0.0001545333316390618
2926500000.0,2.9265,1.4790536666666665,0.658680454412997,0.5875998394749715,1.4836570130328406,0.9963412665322755,0.9959521352491979,0.0003891312830776039
2927000000.0,2.927,1.4810343333333331,0.7668584328574999,0.6970924865986915,1.4836535604646306,0.9976778331783354,0.9974969191188265,0.00018091405950881878
2927500000.0,2.9275,1.4828913333333331,0.8682821147683608,0.8144329120970659,1.483650077043062,0.9989311203234214,0.9982436053816135,0.0006875149418078541
2928000000.0,2.928,1.4818875,0.8134557966792413,0.8534962888843727,1.4836465627681354,0.9982572651477754,0.998598271464057,-0.00034100631628164457
2928500000.0,2.9285,1.4818721666666663,0.8126183367316535,0.8540228341422027,1.4836430176398503,0.9982493213022654,0.9987291481092777,-0.00047982680701230684
2929000000.0,2.929,1.4821206666666666,0.8261906495775777,0.8348403435334836,1.4836394416582066,0.9984191274630083,0.9986752828358231,-0.0002561553728147592
2929500000.0,2.9295,1.4828278333333331,0.8648139382463689,0.784110730394903,1.4836358348232044,0.9988979332135186,0.9983751844313488,0.0005227487821698462
2930000000.0,2.93,1.4810485,0.7676321730264595,0.7602156163818161,1.4836321971348436,0.9977017423963244,0.9976408844134248,6.085798289956479e-05
2930500000.0,2.9305,1.47959,0.6879733469268396,0.7516688513447403,1.4836285285931248,0.9967216949205887,0.9965156177888241,0.00020607713176457043
2931000000.0,2.931,1.4790468333333333,0.6583072385668068,0.7443321316026879,1.4836248291980472,0.9963582766013039,0.996548178114725,-0.00018990151342102024
2931500000.0,2.9315,1.4816888333333331,0.8026052286629166,0.7220433707470795,1.4836210989496113,0.9981405666077439,0.9973614346972167,0.0007791319105271421
2932000000.0,2.932,1.481778,0.8074752403145468,0.7255290830151984,1.483617337847817,0.9982031643132568,0.9974417989582772,0.0007613653549796151
2932500000.0,2.9325,1.4798898333333332,0.7043493300319918,0.7372366170337579,1.483613545892664,0.9969337445350656,0.9966733598976572,0.00026038463740840623
2933000000.0,2.933,1.4787100000000002,0.6399104281968804,0.7514252423951913,1.4836097230841527,0.9961415118052422,0.9961259025247112,1.5609280531014846e-05
2933500000.0,2.9335,1.4805591666666666,0.7409062773084292,0.7015424284667231,1.483605869422283,0.9973898042954588,0.9969687995833256,0.00042100471213313284
2934000000.0,2.934,1.480886,0.7587569181473417,0.6665519158964677,1.4836019849070547,0.9976125900678736,0.9974545592796725,0.00015803078820109118
2934500000.0,2.9345,1.4800736666666667,0.7143897465772958,0.6630153696676729,1.483598069538468,0.9970679855414446,0.9969894793948563,7.850614658833077e-05
2935000000.0,2.935,1.4763365000000002,0.5102770900087105,0.6677454105996545,1.4835941233165229,0.9945530473189551,0.996037890381442,-0.0014848430624868625
2935500000.0,2.9355,1.4792956666666666,0.6718977570637434,0.6946458362493523,1.4835901462412195,0.9965491994080429,0.9966747684551301,-0.00012556904708727057
2936000000.0,2.936,1.4814205000000005,0.7879496795805193,0.7469804233294222,1.4835861383125575,0.997983320573135,0.9980229491275793,-3.962855444428204e-05
2936500000.0,2.9365,1.4825290000000002,0.8484925720943387,0.8252486844643412,1.4835820995305369,0.9987327987171575,0.9987997969113886,-6.699819423117148e-05
2937000000.0,2.937,1.484301833333333,0.9453193271190704,0.8966775317361032,1.4835780298951582,0.999929843266003,0.999196638727996,0.0007332045380069596
2937500000.0,2.9375,1.4831525,0.8825462423535797,0.9146316925864177,1.483573929406421,0.9991583332955907,0.9994164030043969,-0.00025806970880626334
2938000000.0,2.938,1.483759,0.9156714244100863,0.925308912856188,1.483569798064325,0.9995696988972125,0.9995499974679823,1.9701429230134515e-05
2938500000.0,2.9385,1.4832188333333332,0.8861691669093467,0.9020299143277739,1.483565635868871,0.9992086060240131,0.9996376952726788,-0.00042908924866569276
2939000000.0,2.939,1.484131,0.935988930964122,0.8956907224001779,1.483561442820058,0.9998259364555258,0.9996988313812261,0.00012710507429969375
2939500000.0,2.9395,1.4835251666666665,0.9029001602096645,0.9058817099251292,1.483557218917887,0.9994206455451315,0.9997435033668963,-0.00032285782176477706
2940000000.0,2.94,1.481931,0.8158316341391934,0.8934713668455487,1.4835529641623575,0.9983495511860278,0.9997773850651713,-0.0014278338791435807
2940500000.0,2.9405,1.484758,0.9702337605592233,0.8890916467743791,1.4835486785534693,1.0002569383751618,0.9998038660411922,0.00045307233396962854
2941000000.0,2.941,1.483162,0.8830651034080508,0.883543848980365,1.483544362091223,0.9991846467187928,0.9998250772900166,-0.0006404305712237601
2941500000.0,2.9415,1.4823903333333333,0.8409190212641457,0.8845060294593698,1.483540014775618,0.9986677125733981,0.99984241710995,-0.001174704536551885
2942000000.0,2.942,1.4833714999999998,0.8945073550829566,0.8856754075858522,1.4835356366066546,0.9993316614003404,0.9998568368138774,-0.0005251754135370268
2942500000.0,2.9425,1.483237,0.8871613748907093,0.8625669589658254,1.4835312275843326,0.9992440198980533,0.9998690039010716,-0.0006249840030182474
2943000000.0,2.943,1.4826113333333335,0.8529893678997545,0.8626973145797243,1.4835267877086524,0.9988255029020644,0.9998793993471142,-0.001053896445049829
2943500000.0,2.9435,1.4827948333333332,0.8630115787939977,0.8544006211042534,1.4835223169796137,0.9989521360688144,0.999888377822198,-0.0009362417533835821
2944000000.0,2.944,1.482461,0.8447786192833766,0.8546149906748723,1.4835178153972164,0.9987302646054708,0.9998962062015718,-0.001165941596101061
2944500000.0,2.9445,1.4824455,0.8439320565102948,0.8680835470723534,1.4835132829614608,0.998722873587095,0.9999030889116254,-0.001180215324530387
2945000000.0,2.945,1.4830608333333333,0.8775396883191992,0.8783493275099961,1.4835087196723467,0.9991404967375944,0.9999091850416373,-0.0007686883040428638
2945500000.0,2.9455,1.4843375,0.9472673317797345,0.8992483509305043,1.4835041255298742,1.0000036859683474,0.9999146201611621,8.906580718537338e-05
2946000000.0,2.946,1.4835495,0.9042291727351682,0.9221472769389484,1.4834995005340432,0.9994759234239231,0.9999194946485035,-0.0004435712245803858
2946500000.0,2.9465,1.483421,0.8972108942615317,0.9339376821352643,1.483494844684854,0.9993924887433633,0.9999238896686096,-0.0005314009252462837
2947000000.0,2.947,1.4849041666666665,0.9782169385376555,0.9406826394063645,1.4834901579823059,1.0003948703639716,0.9999278715353479,0.00046699882862366593
2947500000.0,2.9475,1.4841531666666663,0.9371996067578635,0.9320543430013426,1.4834854404263997,0.9998920938067813,0.9999314949430042,-3.940113622280528e-05
2948000000.0,2.948,1.4839998333333335,0.9288250072822166,0.9452156888891649,1.4834806920171348,0.9997919914503309,0.9999348053931695,-0.00014281394283854887
2948500000.0,2.9485,1.4843515,0.9480319691231637,0.9417776974942125,1.4834759127545114,1.0000321360903415,0.9999378410403836,9.429504995783766e-05
2949000000.0,2.949,1.4836205,0.9081069764054237,0.9345470591646867,1.4834711026385299,0.9995428902907516,0.9999406341120334,-0.00039774382128177077
2949500000.0,2.9495,1.4847929999999998,0.97214535391779,0.9332751067749101,1.4834662616691898,1.0003360898474405,0.9999432120123973,0.00039287783504315943
2950000000.0,2.95,1.4835655,0.905103043984805,0.9279558253669242,1.4834613898464912,0.9995123799106369,0.9999455981895821,-0.00043321827894515774
2950500000.0,2.9505,1.4840536666666668,0.9317652199242192,0.9085622358997834,1.483456487170434,0.9998445734571053,0.9999478128225104,-0.00010323936540512779
2951000000.0,2.951,1.4831526666666666,0.882555345179086,0.8965576581637034,1.4834515536410187,0.9992408700924283,0.9999498733699449,-0.0007090032775165511
2951500000.0,2.9515,1.4832746666666663,0.8892186134575447,0.8819283929973744,1.4834465892582447,0.9993264091122874,0.9999517950127372,-0.0006253859004498041
2952000000.0,2.952,1.4826058333333334,0.8526889746576866,0.8887853032004824,1.4834415940221124,0.9988791596788539,0.9999535910127036,-0.001074431333849768
2952500000.0,2.9525,1.4835291666666668,0.9031186280220918,0.88167548419145,1.4834365679326216,0.999504625445066,0.9999552730058623,-0.000450647560796269
2953000000.0,2.953,1.483591,0.9064957762889128,0.8909546523240275,1.4834315109897722,0.9995496920911183,0.9999568512435949,-0.0004071591524765772
2953500000.0,2.9535,1.4835151666666666,0.9023539906786505,0.8990795348936411,1.4834264231935645,0.9995020284320509,0.9999583347921903,-0.0004563063601393802
2954000000.0,2.954,1.4828869999999998,0.8680454413049211,0.9072870916101512,1.4834213045439983,0.9990822554404212,0.9999597316988998,-0.0008774762584786711
2954500000.0,2.9545,1.4839303333333334,0.9250291290416017,0.9016235578917051,1.4834161550410738,0.9997886628606156,0.999961049130871,-0.000172386270255398
2955000000.0,2.955,1.4836836666666668,0.9115569472763911,0.8933187861511636,1.4834109746847908,0.9996259636301716,0.9999622934919864,-0.00033632986181475477
2955500000.0,2.9555,1.4832979999999998,0.8904930090299387,0.8962432363247443,1.4834057634751492,0.9993696330255936,0.9999634705215914,-0.0005938374959978399
2956000000.0,2.956,1.4830519999999998,0.8770572385667892,0.8961483462648102,1.483400521412149,0.9992074219243979,0.9999645853783026,-0.0007571634539046412
2956500000.0,2.9565,1.482971166666667,0.8726423681910503,0.8855493078384353,1.4833952484957909,0.9991565120198884,0.9999656427114599,-0.0008091306915715135
2957000000.0,2.957,1.4838521666666669,0.9207599038741195,0.8817000736422025,1.4833899447260739,0.9997536631002988,0.9999666467222924,-0.0002129836219936232
2957500000.0,2.9575,1.4829446666666666,0.8711950189338206,0.8827673109732768,1.4833846101029984,0.9991458230860972,0.999967601216485,-0.0008217781303877514
2958000000.0,2.958,1.4829698333333334,0.8725695455869039,0.8749284383932878,1.4833792446265648,0.9991663933638242,0.999968509649523,-0.0008021162856988173
2958500000.0,2.9585,1.4829176666666666,0.8697203612000601,0.8665412092397797,1.4833738482967727,0.9991348802433885,0.9999693751659451,-0.0008344949225566056
2959000000.0,2.959,1.4831713333333332,0.8835748616369914,0.8684427277539505,1.4833684211136218,0.999309447576403,0.9999702006334381,-0.0006607530570350573
2959500000.0,2.9595,1.4828806666666667,0.8676995339352859,0.887625986783004,1.4833629630771128,0.9991172826891603,0.9999709886725464,-0.0008537059833860772
2960000000.0,2.96,1.4841679999999997,0.9380097582288841,0.9310839791741432,1.4833574741872453,0.9999883467283868,0.9999717416826399,1.660504574685362e-05
